job_id,company,job-title,date,long_url
3878736738,Calyptus,Senior Python Engineer,2024-03-31,https://sg.linkedin.com/jobs/view/senior-python-engineer-at-calyptus-3878736738?position=9&pageNum=97&refId=eDzWcyCPF%2F5GROvSnYgbKg%3D%3D&trackingId=zM9ZK0pw0mhpmR8AIXdHBg%3D%3D&trk=public_jobs_jserp-result_search-card
3872292639,Tech Mahindra,AI ML Engineer,2024-03-29,https://sg.linkedin.com/jobs/view/ai-ml-engineer-at-tech-mahindra-3872292639?position=1&pageNum=30&refId=2KPjfXBQcz%2FPL%2Fk4yvKxlQ%3D%3D&trackingId=vwObBOeAO%2BENd5aizHb2wg%3D%3D&trk=public_jobs_jserp-result_search-card
3872292639,Tech Mahindra,AI ML Engineer,2024-03-29,https://sg.linkedin.com/jobs/view/ai-ml-engineer-at-tech-mahindra-3872292639?position=6&pageNum=32&refId=1y492hnN8pnsUr1bCRiPWA%3D%3D&trackingId=2%2Fbb8nsIIlySihPt9UjWNA%3D%3D&trk=public_jobs_jserp-result_search-card
3873916144,Hudson,Data Scientist,2024-03-29,https://sg.linkedin.com/jobs/view/data-scientist-at-hudson-3873916144?position=10&pageNum=77&refId=6nib6JccMwRCs6OKc8qAHA%3D%3D&trackingId=UGeT9b%2BjD8uRYdYxJZZ%2FIw%3D%3D&trk=public_jobs_jserp-result_search-card
3870752167,Huawei Singapore,Natural Language Processing (NLP) Algorithm Engineer/ Researcher,2024-03-28,https://sg.linkedin.com/jobs/view/natural-language-processing-nlp-algorithm-engineer-researcher-at-huawei-singapore-3870752167?position=1&pageNum=85&refId=7dUW5nbGKO1AozN%2FaOdP1w%3D%3D&trackingId=0GsUbTjcDaiRXn9fXgOeYg%3D%3D&trk=public_jobs_jserp-result_search-card
3871201023,Avensys Consulting,Entry Level Software Developers – Freshers are welcome to apply,2024-03-28,https://sg.linkedin.com/jobs/view/entry-level-software-developers-%E2%80%93-freshers-are-welcome-to-apply-at-avensys-consulting-3871201023?position=5&pageNum=35&refId=UPKRBnJJ%2BQMG%2FdmyPVYxwA%3D%3D&trackingId=jKsvyIzjvipvBQSjagYV2Q%3D%3D&trk=public_jobs_jserp-result_search-card
3874669751,Greenphyto Pte Ltd,Data Engineer,2024-03-28,https://sg.linkedin.com/jobs/view/data-engineer-at-greenphyto-pte-ltd-3874669751?position=2&pageNum=37&refId=cS8lW7ly7lDBKzvxTf1vyg%3D%3D&trackingId=UHN1ugmCPbrzcHbH%2B7T7eg%3D%3D&trk=public_jobs_jserp-result_search-card
3874478680,Luxoft,Data Engineer,2024-03-28,https://sg.linkedin.com/jobs/view/data-engineer-at-luxoft-3874478680?position=4&pageNum=37&refId=cS8lW7ly7lDBKzvxTf1vyg%3D%3D&trackingId=nvxJoMJinb9wASyMi%2Fnc5A%3D%3D&trk=public_jobs_jserp-result_search-card
3854982137,Eames Consulting,IT Production Engineer,2024-03-28,https://sg.linkedin.com/jobs/view/it-production-engineer-at-eames-consulting-3854982137?position=6&pageNum=50&refId=qrbdV5cCibzHdncVRbEQCQ%3D%3D&trackingId=XLXvfbL2eXnfZxszzbQs2Q%3D%3D&trk=public_jobs_jserp-result_search-card
3870743263,DSGio Global,Application Engineer,2024-03-28,https://sg.linkedin.com/jobs/view/application-engineer-at-dsgio-global-3870743263?position=2&pageNum=77&refId=6nib6JccMwRCs6OKc8qAHA%3D%3D&trackingId=7c4rfNPDsJRX66kd3h8iNA%3D%3D&trk=public_jobs_jserp-result_search-card
3874435138,Black Swan Group,Trade data analyst,2024-03-28,https://sg.linkedin.com/jobs/view/trade-data-analyst-at-black-swan-group-3874435138?position=3&pageNum=10&refId=WTQZWb4u4RHJG2SfQFPpOg%3D%3D&trackingId=Ckw6SMqlVzCO%2FdsmSjECPA%3D%3D&trk=public_jobs_jserp-result_search-card
3875034857,Capital Markets Recruitment,QA Engineer - High Frequency Trading Systems,2024-03-28,https://sg.linkedin.com/jobs/view/qa-engineer-high-frequency-trading-systems-at-capital-markets-recruitment-3875034857?position=4&pageNum=92&refId=oLzgwYzuca8KCEcL1bpsPA%3D%3D&trackingId=RAfBQ2K3buN0%2FYVER%2Fph%2Fw%3D%3D&trk=public_jobs_jserp-result_search-card
3870352831,Tata Consultancy Services,Data Engineer,2024-03-27,https://sg.linkedin.com/jobs/view/data-engineer-at-tata-consultancy-services-3870352831?position=10&pageNum=27&refId=87VcAFM4UoTiJnD4KKwWLA%3D%3D&trackingId=pmPtSm8gh4nFU%2Ba091RLTw%3D%3D&trk=public_jobs_jserp-result_search-card
3869485760,The Supreme HR Advisory,Data Engineer,2024-03-27,https://sg.linkedin.com/jobs/view/data-engineer-at-the-supreme-hr-advisory-3869485760?position=10&pageNum=37&refId=cS8lW7ly7lDBKzvxTf1vyg%3D%3D&trackingId=PpIRxCypD7iBVXC7QvRuOA%3D%3D&trk=public_jobs_jserp-result_search-card
3869458697,ANEXT Bank,Security Engineer,2024-03-27,https://sg.linkedin.com/jobs/view/security-engineer-at-anext-bank-3869458697?position=2&pageNum=67&refId=8FuxhL1haEunmI3d3bcP%2Bw%3D%3D&trackingId=LJismyt%2Bem4eW31oBHjxjQ%3D%3D&trk=public_jobs_jserp-result_search-card
3869457086,SGInnovate,Associate Software Engineer,2024-03-27,https://sg.linkedin.com/jobs/view/associate-software-engineer-at-sginnovate-3869457086?position=9&pageNum=95&refId=FIv%2BUcBmOYRbjj4Z%2BlF%2BJg%3D%3D&trackingId=UcoyQecNJ7FJxtswQHvUeQ%3D%3D&trk=public_jobs_jserp-result_search-card
3871738949,Hunter Bond,"Senior Data Engineer/Developer- (Singapore) Elite Trading Technology | Up to SGD $195,000 + Bonus + Package (Open to Juniors)",2024-03-27,https://sg.linkedin.com/jobs/view/senior-data-engineer-developer-singapore-elite-trading-technology-up-to-sgd-%24195-000-%2B-bonus-%2B-package-open-to-juniors-at-hunter-bond-3871738949?position=2&pageNum=72&refId=C2V1YJMBTPgSWixpgfyiaQ%3D%3D&trackingId=eQcZh2%2Blt%2FN0xYS3st%2FuGw%3D%3D&trk=public_jobs_jserp-result_search-card
3873040882,Partners Group,Quantitative analyst,2024-03-27,https://sg.linkedin.com/jobs/view/quantitative-analyst-at-partners-group-3873040882?position=1&pageNum=20&refId=KRMAIyyESOLxahIqqcKNIA%3D%3D&trackingId=IjT4FW%2B73OGO3coOZYLPaQ%3D%3D&trk=public_jobs_jserp-result_search-card
3872862737,Drive lah,Data Analyst,2024-03-27,https://sg.linkedin.com/jobs/view/data-analyst-at-drive-lah-3872862737?position=9&pageNum=5&refId=XS%2BQXMhzFfiPIXol3TPX6Q%3D%3D&trackingId=QaXaFIZ%2FIv8uFrwjuBnRzA%3D%3D&trk=public_jobs_jserp-result_search-card
3871730910,Starbucks Singapore,Data Scientist,2024-03-27,https://sg.linkedin.com/jobs/view/data-scientist-at-starbucks-singapore-3871730910?position=4&pageNum=55&refId=yBbGDZlh2svQ80DSiE2X3A%3D%3D&trackingId=VtoVIy40wLHyR8G7DsFQuQ%3D%3D&trk=public_jobs_jserp-result_search-card
3871577004,Luxoft,Data Engineer(Junior)(Diploma only),2024-03-26,https://sg.linkedin.com/jobs/view/data-engineer-junior-diploma-only-at-luxoft-3871577004?position=7&pageNum=20&refId=KRMAIyyESOLxahIqqcKNIA%3D%3D&trackingId=v51w8hilGF0GbG3OmXhu%2Bw%3D%3D&trk=public_jobs_jserp-result_search-card
3868059045,Manpower Singapore,Partner Data Analyst - Sales Finance,2024-03-26,https://sg.linkedin.com/jobs/view/partner-data-analyst-sales-finance-at-manpower-singapore-3868059045?position=3&pageNum=35&refId=UPKRBnJJ%2BQMG%2FdmyPVYxwA%3D%3D&trackingId=IbUfzZJ1eCtdbR4CZS4QHQ%3D%3D&trk=public_jobs_jserp-result_search-card
3871852835,Shopee,Data Engineer Intern - Search & Recommendation (Summer 2024),2024-03-26,https://sg.linkedin.com/jobs/view/data-engineer-intern-search-recommendation-summer-2024-at-shopee-3871852835?position=9&pageNum=67&refId=8FuxhL1haEunmI3d3bcP%2Bw%3D%3D&trackingId=AJ%2FcOLzjcItTO27wfvhRlA%3D%3D&trk=public_jobs_jserp-result_search-card
3868074521,Adecco,Front Office Developer (Banking|Up to $11k),2024-03-26,https://sg.linkedin.com/jobs/view/front-office-developer-banking-up-to-%2411k-at-adecco-3868074521?position=4&pageNum=80&refId=N5wysBYREF9zJ4RyL2r6aA%3D%3D&trackingId=BvADPb15qyl7RyW%2BKjNc8A%3D%3D&trk=public_jobs_jserp-result_search-card
3872193151,MSD,Visual Analytics Platform Engineer Intern,2024-03-26,https://sg.linkedin.com/jobs/view/visual-analytics-platform-engineer-intern-at-msd-3872193151?position=6&pageNum=65&refId=hcxafFKRDpT9NYO8C%2FOGIg%3D%3D&trackingId=twSG%2ByTpmLmDQMqm1ORfIA%3D%3D&trk=public_jobs_jserp-result_search-card
3868028722,Ultra Clean Technology,Application Engineer,2024-03-26,https://sg.linkedin.com/jobs/view/application-engineer-at-ultra-clean-technology-3868028722?position=9&pageNum=55&refId=yBbGDZlh2svQ80DSiE2X3A%3D%3D&trackingId=WHwqH0QbUIMhf7n1Kcyfmg%3D%3D&trk=public_jobs_jserp-result_search-card
3866933802,Horangi Cyber Security - a Bitdefender company,Junior IT Engineer,2024-03-25,https://sg.linkedin.com/jobs/view/junior-it-engineer-at-horangi-cyber-security-a-bitdefender-company-3866933802?position=3&pageNum=32&refId=1y492hnN8pnsUr1bCRiPWA%3D%3D&trackingId=VORHLfd4Cnnw%2BRouJjFkvA%3D%3D&trk=public_jobs_jserp-result_search-card
3866980040,BAH Partners,"SINGAPORE/HONG KONG - Quantitative C# Developer, Systematic Trading",2024-03-25,https://sg.linkedin.com/jobs/view/singapore-hong-kong-quantitative-c%23-developer-systematic-trading-at-bah-partners-3866980040?position=6&pageNum=95&refId=FIv%2BUcBmOYRbjj4Z%2BlF%2BJg%3D%3D&trackingId=mCoYCnlZjaeMzNE1Rl2I4w%3D%3D&trk=public_jobs_jserp-result_search-card
3866944818,Hyphens Pharma International Ltd.,Data Analyst,2024-03-25,https://sg.linkedin.com/jobs/view/data-analyst-at-hyphens-pharma-international-ltd-3866944818?position=3&pageNum=0&refId=0ukQALJlr82OphKHl9ZhnQ%3D%3D&trackingId=9yEjb9fa2DfUyAePkBm1Mg%3D%3D&trk=public_jobs_jserp-result_search-card
3861515829,Shopee,Senior Data Analyst - Marketplace Product,2024-03-25,https://sg.linkedin.com/jobs/view/senior-data-analyst-marketplace-product-at-shopee-3861515829?position=7&pageNum=0&refId=0ukQALJlr82OphKHl9ZhnQ%3D%3D&trackingId=RHUKqFTd4WlYvvqxRJMu6A%3D%3D&trk=public_jobs_jserp-result_search-card
3835390729,CHARLES & KEITH GROUP,CRM Analyst,2024-03-25,https://sg.linkedin.com/jobs/view/crm-analyst-at-charles-keith-group-3835390729?position=10&pageNum=20&refId=KRMAIyyESOLxahIqqcKNIA%3D%3D&trackingId=K1YyobpkN%2Bhj1Ma4hmx%2Fzg%3D%3D&trk=public_jobs_jserp-result_search-card
3866997927,Rakuten Asia Pte Ltd,Software Engineer (Fresh Graduates),2024-03-25,https://sg.linkedin.com/jobs/view/software-engineer-fresh-graduates-at-rakuten-asia-pte-ltd-3866997927?position=7&pageNum=42&refId=DMyDG6kdlnbFOeNAyYMKIg%3D%3D&trackingId=9Ky%2BtPu1OZqf1sxDbw%2F5ig%3D%3D&trk=public_jobs_jserp-result_search-card
3866391774,Manpower Singapore,"Data Engineer (Python, Pyspark) 6 months contract - $13K",2024-03-25,https://sg.linkedin.com/jobs/view/data-engineer-python-pyspark-6-months-contract-%2413k-at-manpower-singapore-3866391774?position=6&pageNum=15&refId=FWryZ5ipHjy6txPKyd8CQg%3D%3D&trackingId=V5q4HoyRv2Wn%2BdGTQv2lWw%3D%3D&trk=public_jobs_jserp-result_search-card
3866900788,Pundi X,Trading System Engineer,2024-03-25,https://sg.linkedin.com/jobs/view/trading-system-engineer-at-pundi-x-3866900788?position=8&pageNum=85&refId=7dUW5nbGKO1AozN%2FaOdP1w%3D%3D&trackingId=RmmDqJhBDMwdO09I8ACqhQ%3D%3D&trk=public_jobs_jserp-result_search-card
3855144406,Koch Industries,System Application Engineer,2024-03-25,https://sg.linkedin.com/jobs/view/system-application-engineer-at-koch-industries-3855144406?position=9&pageNum=85&refId=7dUW5nbGKO1AozN%2FaOdP1w%3D%3D&trackingId=C%2BFQB46zp6icWlZW4wqZUg%3D%3D&trk=public_jobs_jserp-result_search-card
3870184087,Manpower Singapore,Senior Data Engineer (Python) - 6 months contract - $13K,2024-03-25,https://sg.linkedin.com/jobs/view/senior-data-engineer-python-6-months-contract-%2413k-at-manpower-singapore-3870184087?position=10&pageNum=75&refId=REIQobRDc0%2B56eOznTGTpA%3D%3D&trackingId=SGTIO1NHfQefjmtrrLc1KA%3D%3D&trk=public_jobs_jserp-result_search-card
3861536921,Elliott Moss Consulting,Cloud Engineer,2024-03-25,https://sg.linkedin.com/jobs/view/cloud-engineer-at-elliott-moss-consulting-3861536921?position=5&pageNum=75&refId=REIQobRDc0%2B56eOznTGTpA%3D%3D&trackingId=0Orv%2BC2goLt3X0RYH70lYA%3D%3D&trk=public_jobs_jserp-result_search-card
3870259469,Virtu Financial,ETF Data Analyst,2024-03-25,https://sg.linkedin.com/jobs/view/etf-data-analyst-at-virtu-financial-3870259469?position=7&pageNum=7&refId=JOqx%2FUmdZMR51ZZX3N4Thw%3D%3D&trackingId=94B70YIjvfLTRxx0nvRo4Q%3D%3D&trk=public_jobs_jserp-result_search-card
3838357982,Starbucks Singapore,Application Developer,2024-03-25,https://sg.linkedin.com/jobs/view/application-developer-at-starbucks-singapore-3838357982?position=1&pageNum=67&refId=8FuxhL1haEunmI3d3bcP%2Bw%3D%3D&trackingId=vFbguI87ntxi70koCtMtIA%3D%3D&trk=public_jobs_jserp-result_search-card
3866301334,Rakuten Asia Pte Ltd,Advanced Analyst Intern,2024-03-24,https://sg.linkedin.com/jobs/view/advanced-analyst-intern-at-rakuten-asia-pte-ltd-3866301334?position=3&pageNum=47&refId=2bA3NDh2IVM7RL10l%2BWvVg%3D%3D&trackingId=60h7VvdoZDS61aq7aSzUwg%3D%3D&trk=public_jobs_jserp-result_search-card
3865984733,Samsung C&T Corporation,Utility Engineer,2024-03-24,https://sg.linkedin.com/jobs/view/utility-engineer-at-samsung-c-t-corporation-3865984733?position=6&pageNum=57&refId=ACA9gf199NwaYvjEz6IvLw%3D%3D&trackingId=P%2BbXrHho0%2BwnGi8TdmmidQ%3D%3D&trk=public_jobs_jserp-result_search-card
3779693552,Tesla,Data Analyst/ Engineer - Low Voltage Software Automation,2024-03-23,https://sg.linkedin.com/jobs/view/data-analyst-engineer-low-voltage-software-automation-at-tesla-3779693552?position=3&pageNum=15&refId=FWryZ5ipHjy6txPKyd8CQg%3D%3D&trackingId=SBrw%2Ba%2FvuwFaDx8VJwoeng%3D%3D&trk=public_jobs_jserp-result_search-card
3865027086,Argyll Scott,GenAI Engineer,2024-03-23,https://sg.linkedin.com/jobs/view/genai-engineer-at-argyll-scott-3865027086?position=8&pageNum=95&refId=FIv%2BUcBmOYRbjj4Z%2BlF%2BJg%3D%3D&trackingId=O1oTaJBL6Cz6kBwDrbuq1w%3D%3D&trk=public_jobs_jserp-result_search-card
3864120219,Robert Walters,Data Modelling Engineer,2024-03-22,https://sg.linkedin.com/jobs/view/data-modelling-engineer-at-robert-walters-3864120219?position=4&pageNum=52&refId=Gu0csqYhsUBvpNb%2FDmiJeQ%3D%3D&trackingId=kriyjmhy4UQa5KOUsLPumA%3D%3D&trk=public_jobs_jserp-result_search-card
3863689429,Avensys Consulting,Cloud Engineer,2024-03-22,https://sg.linkedin.com/jobs/view/cloud-engineer-at-avensys-consulting-3863689429?position=5&pageNum=85&refId=7dUW5nbGKO1AozN%2FaOdP1w%3D%3D&trackingId=m3e8lqtxFR96cQ27RVP2Ig%3D%3D&trk=public_jobs_jserp-result_search-card
3864146702,Gravitas Recruitment Group (Global) Ltd,Machine Learning Engineer,2024-03-22,https://sg.linkedin.com/jobs/view/machine-learning-engineer-at-gravitas-recruitment-group-global-ltd-3864146702?position=1&pageNum=97&refId=eDzWcyCPF%2F5GROvSnYgbKg%3D%3D&trackingId=2QuQTVaGaibzvtykfCmM9A%3D%3D&trk=public_jobs_jserp-result_search-card
3866569289,Dyson,Junior Data Engineer,2024-03-22,https://sg.linkedin.com/jobs/view/junior-data-engineer-at-dyson-3866569289?position=8&pageNum=17&refId=4wzNjHuVUXHKQjmV2VDNAg%3D%3D&trackingId=KmW%2F7nLq1ARL%2FjbJ2xi8YA%3D%3D&trk=public_jobs_jserp-result_search-card
3864112963,TG Singapore,"Data Analyst, Associate Manager | Events Sector",2024-03-22,https://sg.linkedin.com/jobs/view/data-analyst-associate-manager-events-sector-at-tg-singapore-3864112963?position=5&pageNum=17&refId=4wzNjHuVUXHKQjmV2VDNAg%3D%3D&trackingId=XgABhKfBwdRIf9NCnBQM8w%3D%3D&trk=public_jobs_jserp-result_search-card
3865870599,CapitaLand,"Intern, Audit (Data Analytics)",2024-03-22,https://sg.linkedin.com/jobs/view/intern-audit-data-analytics-at-capitaland-3865870599?position=9&pageNum=57&refId=ACA9gf199NwaYvjEz6IvLw%3D%3D&trackingId=zDLIZyWD4k1kulLVN0blWA%3D%3D&trk=public_jobs_jserp-result_search-card
3866610928,Volt,Data Center Engineer,2024-03-22,https://sg.linkedin.com/jobs/view/data-center-engineer-at-volt-3866610928?position=5&pageNum=42&refId=DMyDG6kdlnbFOeNAyYMKIg%3D%3D&trackingId=1Fk2Me8B5b%2BtaWr23Fa5XA%3D%3D&trk=public_jobs_jserp-result_search-card
3863656950,Manpower Singapore,Data Analyst (Sales Finance),2024-03-22,https://sg.linkedin.com/jobs/view/data-analyst-sales-finance-at-manpower-singapore-3863656950?position=7&pageNum=10&refId=WTQZWb4u4RHJG2SfQFPpOg%3D%3D&trackingId=G5AtQBjd%2FRoVXaWcENiU4A%3D%3D&trk=public_jobs_jserp-result_search-card
3862192488,Tata Consultancy Services,Data Engineer,2024-03-21,https://sg.linkedin.com/jobs/view/data-engineer-at-tata-consultancy-services-3862192488?position=1&pageNum=37&refId=cS8lW7ly7lDBKzvxTf1vyg%3D%3D&trackingId=s4yoCBdTqF98b1bzUJknSw%3D%3D&trk=public_jobs_jserp-result_search-card
3866083193,Luxoft,Data Engineer Academy,2024-03-21,https://sg.linkedin.com/jobs/view/data-engineer-academy-at-luxoft-3866083193?position=3&pageNum=42&refId=DMyDG6kdlnbFOeNAyYMKIg%3D%3D&trackingId=XQcLJXn0Tdprfw9zjmlDdA%3D%3D&trk=public_jobs_jserp-result_search-card
3865896909,Cognizant,Senior / MES System Programmer,2024-03-21,https://sg.linkedin.com/jobs/view/senior-mes-system-programmer-at-cognizant-3865896909?position=3&pageNum=70&refId=wHda8vgH79ZLowsfaOGkeg%3D%3D&trackingId=EokCzKO8MLAshCGooA1qdA%3D%3D&trk=public_jobs_jserp-result_search-card
3865888717,HTX (Home Team Science & Technology Agency),Digital Forensics Engineer - Evidence Analysis,2024-03-21,https://sg.linkedin.com/jobs/view/digital-forensics-engineer-evidence-analysis-at-htx-home-team-science-technology-agency-3865888717?position=9&pageNum=27&refId=87VcAFM4UoTiJnD4KKwWLA%3D%3D&trackingId=04ju3x4bo93jDFyi2zvqUw%3D%3D&trk=public_jobs_jserp-result_search-card
3839792945,ASML,Applications Engineer,2024-03-21,https://sg.linkedin.com/jobs/view/applications-engineer-at-asml-3839792945?position=6&pageNum=47&refId=2bA3NDh2IVM7RL10l%2BWvVg%3D%3D&trackingId=B02Bn9e8ZhPkk2b%2F0C4zIw%3D%3D&trk=public_jobs_jserp-result_search-card
3865869570,Privasec,Systems Engineer (Security),2024-03-21,https://sg.linkedin.com/jobs/view/systems-engineer-security-at-privasec-3865869570?position=10&pageNum=47&refId=2bA3NDh2IVM7RL10l%2BWvVg%3D%3D&trackingId=jdvE6Fq7YjEMV8EsS9%2Fk9A%3D%3D&trk=public_jobs_jserp-result_search-card
3811301933,Meta,"Business Engineer, Stability",2024-03-21,https://sg.linkedin.com/jobs/view/business-engineer-stability-at-meta-3811301933?position=9&pageNum=90&refId=Z2FR9yxvAfkKt1%2BnYHrhEQ%3D%3D&trackingId=hYjaA19lrVw4zHtzMH0AUg%3D%3D&trk=public_jobs_jserp-result_search-card
3824506901,8x8,Security Engineer,2024-03-21,https://sg.linkedin.com/jobs/view/security-engineer-at-8x8-3824506901?position=2&pageNum=80&refId=N5wysBYREF9zJ4RyL2r6aA%3D%3D&trackingId=LaAkQCq%2BZPXRD%2FWaSRck%2FQ%3D%3D&trk=public_jobs_jserp-result_search-card
3866099303,HTX (Home Team Science & Technology Agency),"Lead Engineer/Engineer, Systems Management, Intelligence Systems, Intel PMC",2024-03-21,https://sg.linkedin.com/jobs/view/lead-engineer-engineer-systems-management-intelligence-systems-intel-pmc-at-htx-home-team-science-technology-agency-3866099303?position=2&pageNum=52&refId=Gu0csqYhsUBvpNb%2FDmiJeQ%3D%3D&trackingId=KWT%2Fz1kT7kMzwYiZdzSSsg%3D%3D&trk=public_jobs_jserp-result_search-card
3865876265,Privasec,System Engineer(Applications),2024-03-21,https://sg.linkedin.com/jobs/view/system-engineer-applications-at-privasec-3865876265?position=6&pageNum=52&refId=Gu0csqYhsUBvpNb%2FDmiJeQ%3D%3D&trackingId=FZr22I8RE9WFDKxsgPfpGA%3D%3D&trk=public_jobs_jserp-result_search-card
3863370987,Helius Technologies,Data Engineer,2024-03-20,https://sg.linkedin.com/jobs/view/data-engineer-at-helius-technologies-3863370987?position=9&pageNum=35&refId=UPKRBnJJ%2BQMG%2FdmyPVYxwA%3D%3D&trackingId=UdFeDQCngKQDvynsYjcMmA%3D%3D&trk=public_jobs_jserp-result_search-card
3863385895,Veolia Water Technologies & Solutions,Advanced Lead Researcher- Membrane Process Applications,2024-03-20,https://sg.linkedin.com/jobs/view/advanced-lead-researcher-membrane-process-applications-at-veolia-water-technologies-solutions-3863385895?position=3&pageNum=27&refId=87VcAFM4UoTiJnD4KKwWLA%3D%3D&trackingId=jWKuPyeZnQ784jXY7jhG2g%3D%3D&trk=public_jobs_jserp-result_search-card
3863577604,Huawei Singapore,Security Protocol Engineer,2024-03-20,https://sg.linkedin.com/jobs/view/security-protocol-engineer-at-huawei-singapore-3863577604?position=1&pageNum=95&refId=FIv%2BUcBmOYRbjj4Z%2BlF%2BJg%3D%3D&trackingId=FUCkg4TTGEcG8fwYyz6AIg%3D%3D&trk=public_jobs_jserp-result_search-card
3864970932,Morgan McKinley,Associate Data Engineer,2024-03-20,https://sg.linkedin.com/jobs/view/associate-data-engineer-at-morgan-mckinley-3864970932?position=3&pageNum=52&refId=Gu0csqYhsUBvpNb%2FDmiJeQ%3D%3D&trackingId=Ro8hH5ptNWNbBjw3sJcTtw%3D%3D&trk=public_jobs_jserp-result_search-card
3865449082,Shopee,Data Engineer Intern - Marketplace Intelligence & Data (Summer 2024),2024-03-20,https://sg.linkedin.com/jobs/view/data-engineer-intern-marketplace-intelligence-data-summer-2024-at-shopee-3865449082?position=2&pageNum=55&refId=yBbGDZlh2svQ80DSiE2X3A%3D%3D&trackingId=uodKj4TqLSakXE6ZpYMvOg%3D%3D&trk=public_jobs_jserp-result_search-card
3822880168,NP Group,Quantitative Analyst,2024-03-20,https://sg.linkedin.com/jobs/view/quantitative-analyst-at-np-group-3822880168?position=5&pageNum=15&refId=FWryZ5ipHjy6txPKyd8CQg%3D%3D&trackingId=ARyLpyIOImX8sACmvFC7YQ%3D%3D&trk=public_jobs_jserp-result_search-card
3730233287,Changi Airport Group,"Data Engineer, Sensor & Machine Learning Lab",2024-03-20,https://sg.linkedin.com/jobs/view/data-engineer-sensor-machine-learning-lab-at-changi-airport-group-3730233287?position=1&pageNum=40&refId=%2BSRKrjhAyINieUz%2FwJ3N1Q%3D%3D&trackingId=jitu4akCRotnS%2FQS%2BHbS8w%3D%3D&trk=public_jobs_jserp-result_search-card
3864721755,HCLTech,Graduate Software Engineer (2024 Intake),2024-03-20,https://sg.linkedin.com/jobs/view/graduate-software-engineer-2024-intake-at-hcltech-3864721755?position=6&pageNum=60&refId=be499PdFXEpWH8v4DXr5UA%3D%3D&trackingId=BORZRdf6VQzLySdRcYml5A%3D%3D&trk=public_jobs_jserp-result_search-card
3864974910,Manpower Singapore,Applied Data Engineer | Bank | Contract,2024-03-20,https://sg.linkedin.com/jobs/view/applied-data-engineer-bank-contract-at-manpower-singapore-3864974910?position=10&pageNum=50&refId=qrbdV5cCibzHdncVRbEQCQ%3D%3D&trackingId=vVU3rVfDNMRv5LcHtZVFvg%3D%3D&trk=public_jobs_jserp-result_search-card
3864981944,DBS Bank,"AVP, Data/Business Analyst (Qlik Sense), Institutional Banking Group Data Chapter, Group Transformation",2024-03-20,https://sg.linkedin.com/jobs/view/avp-data-business-analyst-qlik-sense-institutional-banking-group-data-chapter-group-transformation-at-dbs-bank-3864981944?position=6&pageNum=55&refId=yBbGDZlh2svQ80DSiE2X3A%3D%3D&trackingId=sifr%2FUOVYv0tsd%2BwKQLiNA%3D%3D&trk=public_jobs_jserp-result_search-card
3864952906,Talent Trader Group Pte Ltd,"Compliance Analyst (Data, Business, FMCG)",2024-03-20,https://sg.linkedin.com/jobs/view/compliance-analyst-data-business-fmcg-at-talent-trader-group-pte-ltd-3864952906?position=3&pageNum=7&refId=JOqx%2FUmdZMR51ZZX3N4Thw%3D%3D&trackingId=mCj2mZosnXPHFb%2F%2B9IJctQ%3D%3D&trk=public_jobs_jserp-result_search-card
3859901066,Kerry Consulting,SAP Analytics Analyst (6 Months Contract),2024-03-19,https://sg.linkedin.com/jobs/view/sap-analytics-analyst-6-months-contract-at-kerry-consulting-3859901066?position=4&pageNum=7&refId=JOqx%2FUmdZMR51ZZX3N4Thw%3D%3D&trackingId=izWzuJ1FyzoywRieT3Z%2FSg%3D%3D&trk=public_jobs_jserp-result_search-card
3861112014,SISTIC Singapore,Senior System Engineer,2024-03-19,https://sg.linkedin.com/jobs/view/senior-system-engineer-at-sistic-singapore-3861112014?position=4&pageNum=95&refId=FIv%2BUcBmOYRbjj4Z%2BlF%2BJg%3D%3D&trackingId=nWp14l1NgITJPTz4hqZ1VQ%3D%3D&trk=public_jobs_jserp-result_search-card
3859594919,Maybank,Generative AI Engineer,2024-03-19,https://sg.linkedin.com/jobs/view/generative-ai-engineer-at-maybank-3859594919?position=7&pageNum=60&refId=be499PdFXEpWH8v4DXr5UA%3D%3D&trackingId=Sv%2F9LuReScdPkS6RqRGG3Q%3D%3D&trk=public_jobs_jserp-result_search-card
3863247342,Manpower Singapore,Data Engineer - SQL & Data warehousing,2024-03-19,https://sg.linkedin.com/jobs/view/data-engineer-sql-data-warehousing-at-manpower-singapore-3863247342?position=7&pageNum=52&refId=Gu0csqYhsUBvpNb%2FDmiJeQ%3D%3D&trackingId=E6cAI6m9dXVTSnWpwwqr4g%3D%3D&trk=public_jobs_jserp-result_search-card
3859599102,Maybank,Storage & Backup Engineer,2024-03-19,https://sg.linkedin.com/jobs/view/storage-backup-engineer-at-maybank-3859599102?position=5&pageNum=32&refId=1y492hnN8pnsUr1bCRiPWA%3D%3D&trackingId=Cz4oflPBf9YxnRVarwA7GA%3D%3D&trk=public_jobs_jserp-result_search-card
3863463283,Luxoft,Data Engineer Academy,2024-03-19,https://sg.linkedin.com/jobs/view/data-engineer-academy-at-luxoft-3863463283?position=1&pageNum=42&refId=DMyDG6kdlnbFOeNAyYMKIg%3D%3D&trackingId=xQqpj6qDKaBKb1UgPmngCw%3D%3D&trk=public_jobs_jserp-result_search-card
3834856382,AMD,AI / Machine Learning Engineer,2024-03-19,https://sg.linkedin.com/jobs/view/ai-machine-learning-engineer-at-amd-3834856382?position=4&pageNum=90&refId=Z2FR9yxvAfkKt1%2BnYHrhEQ%3D%3D&trackingId=a7j0hep6ugxqoVqKzbOkyQ%3D%3D&trk=public_jobs_jserp-result_search-card
3861516106,SPH Media,Data Analyst,2024-03-19,https://sg.linkedin.com/jobs/view/data-analyst-at-sph-media-3861516106?position=9&pageNum=0&refId=0ukQALJlr82OphKHl9ZhnQ%3D%3D&trackingId=77YTyYeoX%2FvQQ2rkshhcmg%3D%3D&trk=public_jobs_jserp-result_search-card
3859597555,Kerry Consulting,Data Center Resident Engineer (1 Year Contract),2024-03-19,https://sg.linkedin.com/jobs/view/data-center-resident-engineer-1-year-contract-at-kerry-consulting-3859597555?position=9&pageNum=60&refId=be499PdFXEpWH8v4DXr5UA%3D%3D&trackingId=WQzUqMyVI7LHcjHjdtXSoA%3D%3D&trk=public_jobs_jserp-result_search-card
3859577780,Dexian Asia Pacific,Security Engineer,2024-03-19,https://sg.linkedin.com/jobs/view/security-engineer-at-dexian-asia-pacific-3859577780?position=6&pageNum=67&refId=8FuxhL1haEunmI3d3bcP%2Bw%3D%3D&trackingId=ir2%2F7qUkX8MsRwiy3NquGw%3D%3D&trk=public_jobs_jserp-result_search-card
3859590242,Dexian Asia Pacific,Junior Test Engineer,2024-03-19,https://sg.linkedin.com/jobs/view/junior-test-engineer-at-dexian-asia-pacific-3859590242?position=3&pageNum=55&refId=yBbGDZlh2svQ80DSiE2X3A%3D%3D&trackingId=%2BHWl0O9IV0midmJpq7dCaw%3D%3D&trk=public_jobs_jserp-result_search-card
3862698683,Capgemini,Senior Data Anlyst,2024-03-19,https://sg.linkedin.com/jobs/view/senior-data-anlyst-at-capgemini-3862698683?position=9&pageNum=7&refId=JOqx%2FUmdZMR51ZZX3N4Thw%3D%3D&trackingId=qQOnWPKWYhq0HAfEV7bfNA%3D%3D&trk=public_jobs_jserp-result_search-card
3864044476,HTX (Home Team Science & Technology Agency),"Lead/Engineer, ICT Systems (YRSG), CNPMC",2024-03-19,https://sg.linkedin.com/jobs/view/lead-engineer-ict-systems-yrsg-cnpmc-at-htx-home-team-science-technology-agency-3864044476?position=1&pageNum=52&refId=Gu0csqYhsUBvpNb%2FDmiJeQ%3D%3D&trackingId=Rqx9teJIbeNnWyz9rWxPlw%3D%3D&trk=public_jobs_jserp-result_search-card
3863463707,Talents@Work,Information Technology Engineer,2024-03-19,https://sg.linkedin.com/jobs/view/information-technology-engineer-at-talents%40work-3863463707?position=9&pageNum=77&refId=6nib6JccMwRCs6OKc8qAHA%3D%3D&trackingId=bwwYkfk0KEx7aanFSeUaTA%3D%3D&trk=public_jobs_jserp-result_search-card
3858564281,Espressif Systems,"Graduate Engineer, End to End System Development",2024-03-18,https://sg.linkedin.com/jobs/view/graduate-engineer-end-to-end-system-development-at-espressif-systems-3858564281?position=10&pageNum=57&refId=ACA9gf199NwaYvjEz6IvLw%3D%3D&trackingId=nFEbJvC7%2BdwD%2FU8SUZzwCw%3D%3D&trk=public_jobs_jserp-result_search-card
3858534345,Pinpoint Asia,LLM AI R&D Engineer,2024-03-18,https://sg.linkedin.com/jobs/view/llm-ai-r-d-engineer-at-pinpoint-asia-3858534345?position=1&pageNum=60&refId=be499PdFXEpWH8v4DXr5UA%3D%3D&trackingId=FqQra63Peg0E09Q6Ab58Ag%3D%3D&trk=public_jobs_jserp-result_search-card
3858530246,Study Group,Senior Data Analyst,2024-03-18,https://sg.linkedin.com/jobs/view/senior-data-analyst-at-study-group-3858530246?position=2&pageNum=5&refId=XS%2BQXMhzFfiPIXol3TPX6Q%3D%3D&trackingId=tbwoQa7QxZ1CgJVjfLTmCQ%3D%3D&trk=public_jobs_jserp-result_search-card
3861999009,Synapxe,Associate Software Developer,2024-03-18,https://sg.linkedin.com/jobs/view/associate-software-developer-at-synapxe-3861999009?position=8&pageNum=92&refId=oLzgwYzuca8KCEcL1bpsPA%3D%3D&trackingId=HbZaZ06XEZIuIT%2BO4MYlXA%3D%3D&trk=public_jobs_jserp-result_search-card
3862030006,MEXC,安全工程师,2024-03-18,https://sg.linkedin.com/jobs/view/%E5%AE%89%E5%85%A8%E5%B7%A5%E7%A8%8B%E5%B8%88-at-mexc-3862030006?position=3&pageNum=82&refId=N5rUOS8krNFRl9DBXOZvxA%3D%3D&trackingId=W9%2BjQKfBhX%2BabindTFMPrA%3D%3D&trk=public_jobs_jserp-result_search-card
3853082389,Algo Capital Group,System Engineer Low Latency,2024-03-18,https://sg.linkedin.com/jobs/view/system-engineer-low-latency-at-algo-capital-group-3853082389?position=5&pageNum=47&refId=2bA3NDh2IVM7RL10l%2BWvVg%3D%3D&trackingId=hr%2F4ugmExOO0f%2FOEVv05Zw%3D%3D&trk=public_jobs_jserp-result_search-card
3861968610,Decathlon Singapore,Data Visualization Intern (Tableau),2024-03-18,https://sg.linkedin.com/jobs/view/data-visualization-intern-tableau-at-decathlon-singapore-3861968610?position=8&pageNum=10&refId=WTQZWb4u4RHJG2SfQFPpOg%3D%3D&trackingId=GsJR3kOKswIkOSd6XYQA6Q%3D%3D&trk=public_jobs_jserp-result_search-card
3819940953,Rakuten Viki,"Intern, Data Engineering",2024-03-18,https://sg.linkedin.com/jobs/view/intern-data-engineering-at-rakuten-viki-3819940953?position=5&pageNum=52&refId=Gu0csqYhsUBvpNb%2FDmiJeQ%3D%3D&trackingId=qD84k6xlQ3Fwz1Ki0GPyDw%3D%3D&trk=public_jobs_jserp-result_search-card
3861934371,Binance,Binance Accelerator Program - Data Analyst (Big Data),2024-03-18,https://sg.linkedin.com/jobs/view/binance-accelerator-program-data-analyst-big-data-at-binance-3861934371?position=5&pageNum=70&refId=wHda8vgH79ZLowsfaOGkeg%3D%3D&trackingId=QUOP65C4laDZNmvfF388nA%3D%3D&trk=public_jobs_jserp-result_search-card
3862331768,Cornerstone Global Partners (CGP Group),AI Engineer (Digital Transformation),2024-03-18,https://sg.linkedin.com/jobs/view/ai-engineer-digital-transformation-at-cornerstone-global-partners-cgp-group-3862331768?position=4&pageNum=35&refId=UPKRBnJJ%2BQMG%2FdmyPVYxwA%3D%3D&trackingId=W%2B6vQXTPsZgrpjWQN%2Be48A%3D%3D&trk=public_jobs_jserp-result_search-card
3791297380,Singtel,Associate Engineer (Data Centre),2024-03-18,https://sg.linkedin.com/jobs/view/associate-engineer-data-centre-at-singtel-3791297380?position=4&pageNum=67&refId=8FuxhL1haEunmI3d3bcP%2Bw%3D%3D&trackingId=T3Ps%2BcD0kbaNH8xQ0Ska%2Fw%3D%3D&trk=public_jobs_jserp-result_search-card
3858926023,Energy Jobline,Data Engineer,2024-03-17,https://sg.linkedin.com/jobs/view/data-engineer-at-energy-jobline-3858926023?position=8&pageNum=50&refId=qrbdV5cCibzHdncVRbEQCQ%3D%3D&trackingId=A9fxhl5Aong6oV4TipoCRQ%3D%3D&trk=public_jobs_jserp-result_search-card
3858926330,Energy Jobline,Data Analyst/ Engineer - Low Voltage Software Automation,2024-03-17,https://sg.linkedin.com/jobs/view/data-analyst-engineer-low-voltage-software-automation-at-energy-jobline-3858926330?position=9&pageNum=25&refId=%2BKIZhbRkuYydMuXy1wGsCw%3D%3D&trackingId=RiMMMrjsJ4WRst4VXB3ReA%3D%3D&trk=public_jobs_jserp-result_search-card
3772976125,Honeywell,Advanced Systems Engineer,2024-03-16,https://sg.linkedin.com/jobs/view/advanced-systems-engineer-at-honeywell-3772976125?position=6&pageNum=82&refId=N5rUOS8krNFRl9DBXOZvxA%3D%3D&trackingId=Ljs7Q1cU4KVjCdNiYwm7yQ%3D%3D&trk=public_jobs_jserp-result_search-card
3859791867,NetEase Games,Senior Data Analyst,2024-03-16,https://sg.linkedin.com/jobs/view/senior-data-analyst-at-netease-games-3859791867?position=1&pageNum=7&refId=JOqx%2FUmdZMR51ZZX3N4Thw%3D%3D&trackingId=V5ca0KZfFSJEDksrdvLFDA%3D%3D&trk=public_jobs_jserp-result_search-card
3856493634,iSoftStone,Storage Engineer,2024-03-15,https://sg.linkedin.com/jobs/view/storage-engineer-at-isoftstone-3856493634?position=10&pageNum=40&refId=%2BSRKrjhAyINieUz%2FwJ3N1Q%3D%3D&trackingId=ofcfbZXLCVmIke4LeNvRKQ%3D%3D&trk=public_jobs_jserp-result_search-card
3858650093,Unison Consulting,Data & Finance Engineer,2024-03-15,https://sg.linkedin.com/jobs/view/data-finance-engineer-at-unison-consulting-3858650093?position=2&pageNum=27&refId=87VcAFM4UoTiJnD4KKwWLA%3D%3D&trackingId=u25BDoyxl1UQrp72LoZR%2Fw%3D%3D&trk=public_jobs_jserp-result_search-card
3854940751,IBU Consulting,Splunk Developer,2024-03-15,https://sg.linkedin.com/jobs/view/splunk-developer-at-ibu-consulting-3854940751?position=2&pageNum=97&refId=eDzWcyCPF%2F5GROvSnYgbKg%3D%3D&trackingId=9rT%2FrLk%2BfFJyMufilfxt7g%3D%3D&trk=public_jobs_jserp-result_search-card
3854966187,Nicoll Curtin,Data Analyst,2024-03-15,https://sg.linkedin.com/jobs/view/data-analyst-at-nicoll-curtin-3854966187?position=4&pageNum=0&refId=0ukQALJlr82OphKHl9ZhnQ%3D%3D&trackingId=Z6SvqpCHohABv%2FksoXGaiw%3D%3D&trk=public_jobs_jserp-result_search-card
3630973204,JAC Recruitment,Data Engineer,2024-03-15,https://sg.linkedin.com/jobs/view/data-engineer-at-jac-recruitment-3630973204?position=1&pageNum=72&refId=C2V1YJMBTPgSWixpgfyiaQ%3D%3D&trackingId=t3ciLySI2Bm4XK7btdGBkA%3D%3D&trk=public_jobs_jserp-result_search-card
3856618820,Castlery,Data Engineer,2024-03-15,https://sg.linkedin.com/jobs/view/data-engineer-at-castlery-3856618820?position=2&pageNum=60&refId=be499PdFXEpWH8v4DXr5UA%3D%3D&trackingId=%2FVmANQbMrTjRGqS4%2BKpBbA%3D%3D&trk=public_jobs_jserp-result_search-card
3854944780,Merck Group,Data Engineer,2024-03-15,https://sg.linkedin.com/jobs/view/data-engineer-at-merck-group-3854944780?position=1&pageNum=47&refId=2bA3NDh2IVM7RL10l%2BWvVg%3D%3D&trackingId=eRqTTSQgt%2Bkh5Sr9%2Bu2jvg%3D%3D&trk=public_jobs_jserp-result_search-card
3858390404,Synapxe,Associate Software Developer,2024-03-15,https://sg.linkedin.com/jobs/view/associate-software-developer-at-synapxe-3858390404?position=5&pageNum=95&refId=FIv%2BUcBmOYRbjj4Z%2BlF%2BJg%3D%3D&trackingId=5xuvNzKacscwAGVTWTGONg%3D%3D&trk=public_jobs_jserp-result_search-card
3849600024,Prudential plc,Performance Metrics Analyst,2024-03-15,https://sg.linkedin.com/jobs/view/performance-metrics-analyst-at-prudential-plc-3849600024?position=7&pageNum=85&refId=7dUW5nbGKO1AozN%2FaOdP1w%3D%3D&trackingId=LJDiKSWUx00cRNwun655Fg%3D%3D&trk=public_jobs_jserp-result_search-card
3737829759,Tesla,Data Engineer,2024-03-15,https://sg.linkedin.com/jobs/view/data-engineer-at-tesla-3737829759?position=8&pageNum=37&refId=cS8lW7ly7lDBKzvxTf1vyg%3D%3D&trackingId=hCCucK4KKhjX04ZUmKZ5LA%3D%3D&trk=public_jobs_jserp-result_search-card
3854917881,Esri Singapore,Data Engineer,2024-03-15,https://sg.linkedin.com/jobs/view/data-engineer-at-esri-singapore-3854917881?position=10&pageNum=32&refId=1y492hnN8pnsUr1bCRiPWA%3D%3D&trackingId=UrwM41%2Bkb1YshNoNQR%2FvPg%3D%3D&trk=public_jobs_jserp-result_search-card
3856620597,Encora Inc.,Data Engineer,2024-03-15,https://sg.linkedin.com/jobs/view/data-engineer-at-encora-inc-3856620597?position=4&pageNum=57&refId=ACA9gf199NwaYvjEz6IvLw%3D%3D&trackingId=SoXpq3cWluCIUvZ4Q7Ax3g%3D%3D&trk=public_jobs_jserp-result_search-card
3856723846,TikTok,"Data Scientist, TikTok Product Analysis - 2024 Start - Singapore",2024-03-14,https://sg.linkedin.com/jobs/view/data-scientist-tiktok-product-analysis-2024-start-singapore-at-tiktok-3856723846?position=2&pageNum=47&refId=2bA3NDh2IVM7RL10l%2BWvVg%3D%3D&trackingId=k7rjqqZFuRigvapzm%2BIYUQ%3D%3D&trk=public_jobs_jserp-result_search-card
3790491475,Singtel,Data Analyst (Billing Management),2024-03-14,https://sg.linkedin.com/jobs/view/data-analyst-billing-management-at-singtel-3790491475?position=5&pageNum=10&refId=WTQZWb4u4RHJG2SfQFPpOg%3D%3D&trackingId=Am8NDopcBBggL%2FG0j3XdBw%3D%3D&trk=public_jobs_jserp-result_search-card
3857128556,Manpower Singapore,Data Analyst | Bank | Contract,2024-03-14,https://sg.linkedin.com/jobs/view/data-analyst-bank-contract-at-manpower-singapore-3857128556?position=6&pageNum=20&refId=KRMAIyyESOLxahIqqcKNIA%3D%3D&trackingId=%2F8eWh5ZSEPQqUg0ucbi9Cw%3D%3D&trk=public_jobs_jserp-result_search-card
3853462064,Dada Consultants,Data Scientist,2024-03-14,https://sg.linkedin.com/jobs/view/data-scientist-at-dada-consultants-3853462064?position=8&pageNum=80&refId=N5wysBYREF9zJ4RyL2r6aA%3D%3D&trackingId=JLFc%2FIjJSKfRtgH8a%2Bgbyg%3D%3D&trk=public_jobs_jserp-result_search-card
3823039165,Julius Baer,University Graduate – Software Engineering (Focus Track) 100% (f/m/d),2024-03-14,https://sg.linkedin.com/jobs/view/university-graduate-%E2%80%93-software-engineering-focus-track-100%25-f-m-d-at-julius-baer-3823039165?position=7&pageNum=67&refId=8FuxhL1haEunmI3d3bcP%2Bw%3D%3D&trackingId=sFJW7hrTtxm2Xv5qKT9S5w%3D%3D&trk=public_jobs_jserp-result_search-card
3853412263,Ant International,Business Intelligence Specialist,2024-03-14,https://sg.linkedin.com/jobs/view/business-intelligence-specialist-at-ant-international-3853412263?position=5&pageNum=5&refId=XS%2BQXMhzFfiPIXol3TPX6Q%3D%3D&trackingId=eXs2Zmw4kV1rmhTuWJMA%2Bw%3D%3D&trk=public_jobs_jserp-result_search-card
3836136949,Micron Technology,Business Data Analyst–Talent Management & Communications,2024-03-14,https://sg.linkedin.com/jobs/view/business-data-analyst%E2%80%93talent-management-communications-at-micron-technology-3836136949?position=6&pageNum=27&refId=87VcAFM4UoTiJnD4KKwWLA%3D%3D&trackingId=yaSg79kDqSRgo%2FwooQNszQ%3D%3D&trk=public_jobs_jserp-result_search-card
3852798413,Capgemini,2024 CAPGEMINI SINGAPORE GRADUATE PROGRAM (INSIGHTS AND DATA),2024-03-14,https://sg.linkedin.com/jobs/view/2024-capgemini-singapore-graduate-program-insights-and-data-at-capgemini-3852798413?position=4&pageNum=27&refId=87VcAFM4UoTiJnD4KKwWLA%3D%3D&trackingId=xVFYS32wnYsE8vewH0v51A%3D%3D&trk=public_jobs_jserp-result_search-card
3852328807,myGwork - LGBTQ+ Business Community,"Threat Intelligence Analyst, SPI Threat Intelligence",2024-03-13,https://sg.linkedin.com/jobs/view/threat-intelligence-analyst-spi-threat-intelligence-at-mygwork-lgbtq%2B-business-community-3852328807?position=1&pageNum=50&refId=qrbdV5cCibzHdncVRbEQCQ%3D%3D&trackingId=Y5tjQ4A6W2KDvI1G32zXWg%3D%3D&trk=public_jobs_jserp-result_search-card
3851706164,Principle Partners,Quantitative Developer,2024-03-13,https://sg.linkedin.com/jobs/view/quantitative-developer-at-principle-partners-3851706164?position=1&pageNum=90&refId=Z2FR9yxvAfkKt1%2BnYHrhEQ%3D%3D&trackingId=alyUftylLRkgaVA0gS%2FnaA%3D%3D&trk=public_jobs_jserp-result_search-card
3802176119,Cloudflare,Incident Response Engineer,2024-03-13,https://sg.linkedin.com/jobs/view/incident-response-engineer-at-cloudflare-3802176119?position=2&pageNum=25&refId=%2BKIZhbRkuYydMuXy1wGsCw%3D%3D&trackingId=sIxmDxR6wflYnKDfsTvxsw%3D%3D&trk=public_jobs_jserp-result_search-card
3851168071,BAH Partners,"Quantitative Developer (C#, Python)",2024-03-13,https://sg.linkedin.com/jobs/view/quantitative-developer-c%23-python-at-bah-partners-3851168071?position=7&pageNum=50&refId=qrbdV5cCibzHdncVRbEQCQ%3D%3D&trackingId=Ahg8C2%2BM9vvb%2F6cB4ZrdoA%3D%3D&trk=public_jobs_jserp-result_search-card
3854216511,Luxoft Singapore,Data Engineer,2024-03-13,https://sg.linkedin.com/jobs/view/data-engineer-at-luxoft-singapore-3854216511?position=4&pageNum=40&refId=%2BSRKrjhAyINieUz%2FwJ3N1Q%3D%3D&trackingId=JPdULj9uxYXiO0RiCl%2B8mw%3D%3D&trk=public_jobs_jserp-result_search-card
3853206351,Robert Walters,Data Engineer,2024-03-13,https://sg.linkedin.com/jobs/view/data-engineer-at-robert-walters-3853206351?position=3&pageNum=60&refId=be499PdFXEpWH8v4DXr5UA%3D%3D&trackingId=L4oy090o9lsdhmhXlrbZmw%3D%3D&trk=public_jobs_jserp-result_search-card
3855055358,UBS,Data Operations Analyst,2024-03-13,https://sg.linkedin.com/jobs/view/data-operations-analyst-at-ubs-3855055358?position=4&pageNum=17&refId=4wzNjHuVUXHKQjmV2VDNAg%3D%3D&trackingId=juHyuzB8ZIFbahShAcEiUg%3D%3D&trk=public_jobs_jserp-result_search-card
3456898471,Capgemini,Data Engineer,2024-03-13,https://sg.linkedin.com/jobs/view/data-engineer-at-capgemini-3456898471?position=2&pageNum=35&refId=UPKRBnJJ%2BQMG%2FdmyPVYxwA%3D%3D&trackingId=gSBrZBpMGHTA3b1L10uGDA%3D%3D&trk=public_jobs_jserp-result_search-card
3852335940,myGwork - LGBTQ+ Business Community,AI/AR Engineer,2024-03-13,https://sg.linkedin.com/jobs/view/ai-ar-engineer-at-mygwork-lgbtq%2B-business-community-3852335940?position=10&pageNum=92&refId=oLzgwYzuca8KCEcL1bpsPA%3D%3D&trackingId=p%2Fzj3EsgBpLMv8BsVpd0aQ%3D%3D&trk=public_jobs_jserp-result_search-card
3855325181,MariBank,Data Analyst - MariBank,2024-03-13,https://sg.linkedin.com/jobs/view/data-analyst-maribank-at-maribank-3855325181?position=10&pageNum=10&refId=WTQZWb4u4RHJG2SfQFPpOg%3D%3D&trackingId=r3TgykNcZ8qCTq9QwaEeGw%3D%3D&trk=public_jobs_jserp-result_search-card
3852525055,So Drama! Entertainment,Information Technology Engineer,2024-03-12,https://sg.linkedin.com/jobs/view/information-technology-engineer-at-so-drama%21-entertainment-3852525055?position=2&pageNum=90&refId=Z2FR9yxvAfkKt1%2BnYHrhEQ%3D%3D&trackingId=wecL9g4b%2F081h45vxD5kvA%3D%3D&trk=public_jobs_jserp-result_search-card
3852522380,So Drama! Entertainment,Data Engineer,2024-03-12,https://sg.linkedin.com/jobs/view/data-engineer-at-so-drama%21-entertainment-3852522380?position=8&pageNum=55&refId=yBbGDZlh2svQ80DSiE2X3A%3D%3D&trackingId=yu8oV8IvFg9dE0Who9xvwg%3D%3D&trk=public_jobs_jserp-result_search-card
3852826938,Micron Technology,Intern - IT Engineer,2024-03-12,https://sg.linkedin.com/jobs/view/intern-it-engineer-at-micron-technology-3852826938?position=8&pageNum=67&refId=8FuxhL1haEunmI3d3bcP%2Bw%3D%3D&trackingId=LVoJ0ApmVhzTipXVdS9NNQ%3D%3D&trk=public_jobs_jserp-result_search-card
3849945903,Autodesk,"Intern, Data Engineer [PSET-CPD-Delivery]",2024-03-12,https://sg.linkedin.com/jobs/view/intern-data-engineer-pset-cpd-delivery-at-autodesk-3849945903?position=4&pageNum=65&refId=hcxafFKRDpT9NYO8C%2FOGIg%3D%3D&trackingId=Qajo4y24cpFTZ7h9PZAZqg%3D%3D&trk=public_jobs_jserp-result_search-card
3855015986,BBGC,Senior Data Engineer - Singapore,2024-03-12,https://sg.linkedin.com/jobs/view/senior-data-engineer-singapore-at-bbgc-3855015986?position=8&pageNum=65&refId=hcxafFKRDpT9NYO8C%2FOGIg%3D%3D&trackingId=uUsgd3iM4kEbxkZhsoJeHw%3D%3D&trk=public_jobs_jserp-result_search-card
3854013434,Percept Solutions,Mainframes Batch Monitoring Engineer,2024-03-12,https://sg.linkedin.com/jobs/view/mainframes-batch-monitoring-engineer-at-percept-solutions-3854013434?position=6&pageNum=80&refId=N5wysBYREF9zJ4RyL2r6aA%3D%3D&trackingId=b5yvSVaQBuJTlXFL8mZzwQ%3D%3D&trk=public_jobs_jserp-result_search-card
3849921751,Coty,Business Intelligence Intern,2024-03-12,https://sg.linkedin.com/jobs/view/business-intelligence-intern-at-coty-3849921751?position=4&pageNum=20&refId=KRMAIyyESOLxahIqqcKNIA%3D%3D&trackingId=2MvrNDP5UFErJtCYCd4jPA%3D%3D&trk=public_jobs_jserp-result_search-card
3851215449,"e2i, Employment & Employability Institute","Specialist, IT (Database Engineer), e2i",2024-03-11,https://sg.linkedin.com/jobs/view/specialist-it-database-engineer-e2i-at-e2i-employment-employability-institute-3851215449?position=2&pageNum=50&refId=qrbdV5cCibzHdncVRbEQCQ%3D%3D&trackingId=smfjoRFpj8B2SeTdYuwsMg%3D%3D&trk=public_jobs_jserp-result_search-card
3848242586,myGwork - LGBTQ+ Business Community,Reference Data Operations - Data Analyst,2024-03-11,https://sg.linkedin.com/jobs/view/reference-data-operations-data-analyst-at-mygwork-lgbtq%2B-business-community-3848242586?position=8&pageNum=25&refId=%2BKIZhbRkuYydMuXy1wGsCw%3D%3D&trackingId=bea0IOcZaFnKy%2FICKY2Igw%3D%3D&trk=public_jobs_jserp-result_search-card
3840894715,PSA International,Data Science Analyst,2024-03-11,https://sg.linkedin.com/jobs/view/data-science-analyst-at-psa-international-3840894715?position=6&pageNum=5&refId=XS%2BQXMhzFfiPIXol3TPX6Q%3D%3D&trackingId=2qh1jY8c6fdfwu9sVID3zg%3D%3D&trk=public_jobs_jserp-result_search-card
3852453494,Danone,Internship: Data Science (May - Dec 2024),2024-03-11,https://sg.linkedin.com/jobs/view/internship-data-science-may-dec-2024-at-danone-3852453494?position=4&pageNum=75&refId=REIQobRDc0%2B56eOznTGTpA%3D%3D&trackingId=c0zgpZ1IEA3L81du7ZQGmw%3D%3D&trk=public_jobs_jserp-result_search-card
3852135169,Ultima,Cloud Support Engineer,2024-03-11,https://sg.linkedin.com/jobs/view/cloud-support-engineer-at-ultima-3852135169?position=9&pageNum=72&refId=C2V1YJMBTPgSWixpgfyiaQ%3D%3D&trackingId=TT8HC4N19cLnANna95g%2F2g%3D%3D&trk=public_jobs_jserp-result_search-card
3852649163,Adecco,Business Analyst / Consultant (Tech MNC / SQL / Data/ UP7K+),2024-03-11,https://sg.linkedin.com/jobs/view/business-analyst-consultant-tech-mnc-sql-data-up7k%2B-at-adecco-3852649163?position=9&pageNum=70&refId=wHda8vgH79ZLowsfaOGkeg%3D%3D&trackingId=zWL4xaztFSKOtWU1e%2BGnuQ%3D%3D&trk=public_jobs_jserp-result_search-card
3814481806,Chevron,Quantitative Analyst,2024-03-11,https://sg.linkedin.com/jobs/view/quantitative-analyst-at-chevron-3814481806?position=1&pageNum=5&refId=XS%2BQXMhzFfiPIXol3TPX6Q%3D%3D&trackingId=zlwPQ%2FRK4MPOgruv4hiryQ%3D%3D&trk=public_jobs_jserp-result_search-card
3853302641,Leica Microsystems,AI/AR Engineer,2024-03-11,https://sg.linkedin.com/jobs/view/ai-ar-engineer-at-leica-microsystems-3853302641?position=7&pageNum=82&refId=N5rUOS8krNFRl9DBXOZvxA%3D%3D&trackingId=exfllJRoQSq%2BLCQdXU0XUQ%3D%3D&trk=public_jobs_jserp-result_search-card
3845443260,Eames Consulting,Lead Infrastructure Engineer,2024-03-08,https://sg.linkedin.com/jobs/view/lead-infrastructure-engineer-at-eames-consulting-3845443260?position=7&pageNum=72&refId=C2V1YJMBTPgSWixpgfyiaQ%3D%3D&trackingId=FzbvX%2FZEZSK9zcJ9iL1v%2Fw%3D%3D&trk=public_jobs_jserp-result_search-card
3850235952,Percept Solutions,SIEM Use-Case Engineer,2024-03-08,https://sg.linkedin.com/jobs/view/siem-use-case-engineer-at-percept-solutions-3850235952?position=5&pageNum=72&refId=C2V1YJMBTPgSWixpgfyiaQ%3D%3D&trackingId=9NYIkRVqdU%2BVVW76Txl6dw%3D%3D&trk=public_jobs_jserp-result_search-card
3848797664,Time Research,Quantitative Researcher (HFT),2024-03-08,https://sg.linkedin.com/jobs/view/quantitative-researcher-hft-at-time-research-3848797664?position=5&pageNum=60&refId=be499PdFXEpWH8v4DXr5UA%3D%3D&trackingId=VJvuFz3B2XbR1MxTTHaMeg%3D%3D&trk=public_jobs_jserp-result_search-card
3811264052,Cartier,Regional Business Intelligence Senior Analyst,2024-03-08,https://sg.linkedin.com/jobs/view/regional-business-intelligence-senior-analyst-at-cartier-3811264052?position=6&pageNum=10&refId=WTQZWb4u4RHJG2SfQFPpOg%3D%3D&trackingId=9Fy7EVkl9T97FuugT32OJw%3D%3D&trk=public_jobs_jserp-result_search-card
3831761950,Brenntag,Senior Data Excellence Analyst APAC Brenntag Specialties,2024-03-08,https://sg.linkedin.com/jobs/view/senior-data-excellence-analyst-apac-brenntag-specialties-at-brenntag-3831761950?position=3&pageNum=40&refId=%2BSRKrjhAyINieUz%2FwJ3N1Q%3D%3D&trackingId=N02IodmPZ9fB5w0rhK71hQ%3D%3D&trk=public_jobs_jserp-result_search-card
3844350090,Combuilder Pte Ltd,SAS Developer,2024-03-07,https://sg.linkedin.com/jobs/view/sas-developer-at-combuilder-pte-ltd-3844350090?position=5&pageNum=65&refId=hcxafFKRDpT9NYO8C%2FOGIg%3D%3D&trackingId=RQMmj6ZFyl0Q1%2FlgnQXDJA%3D%3D&trk=public_jobs_jserp-result_search-card
3844305849,HackerTrail - Recruitment Solutions,System Engineer,2024-03-07,https://sg.linkedin.com/jobs/view/system-engineer-at-hackertrail-recruitment-solutions-3844305849?position=10&pageNum=52&refId=Gu0csqYhsUBvpNb%2FDmiJeQ%3D%3D&trackingId=NfomdAoVZOdRg2OLSD2cRg%3D%3D&trk=public_jobs_jserp-result_search-card
3844334161,Anson McCade,Quantitative Researcher,2024-03-07,https://sg.linkedin.com/jobs/view/quantitative-researcher-at-anson-mccade-3844334161?position=6&pageNum=17&refId=4wzNjHuVUXHKQjmV2VDNAg%3D%3D&trackingId=DVnnCLhPLx8rm%2BSf%2BAL7mQ%3D%3D&trk=public_jobs_jserp-result_search-card
3849468787,Binance,Binance Accelerator Program - Data Analyst,2024-03-07,https://sg.linkedin.com/jobs/view/binance-accelerator-program-data-analyst-at-binance-3849468787?position=7&pageNum=27&refId=87VcAFM4UoTiJnD4KKwWLA%3D%3D&trackingId=0p5dm0zTXCyFyLEOe63RLQ%3D%3D&trk=public_jobs_jserp-result_search-card
3844348914,HoYoverse,[Expression of Interest] Data Scientist - Fresh Grad,2024-03-07,https://sg.linkedin.com/jobs/view/expression-of-interest-data-scientist-fresh-grad-at-hoyoverse-3844348914?position=3&pageNum=25&refId=%2BKIZhbRkuYydMuXy1wGsCw%3D%3D&trackingId=PaDOwm0DkVjxamF8XHFgXQ%3D%3D&trk=public_jobs_jserp-result_search-card
3812825527,Micron Technology,IT Engineer,2024-03-07,https://sg.linkedin.com/jobs/view/it-engineer-at-micron-technology-3812825527?position=7&pageNum=90&refId=Z2FR9yxvAfkKt1%2BnYHrhEQ%3D%3D&trackingId=05j2573UHCHKfVtxzqyfZg%3D%3D&trk=public_jobs_jserp-result_search-card
3809688029,Autodesk,"Intern, Data Engineer [PSET-CPD-Delivery]",2024-03-07,https://sg.linkedin.com/jobs/view/intern-data-engineer-pset-cpd-delivery-at-autodesk-3809688029?position=2&pageNum=70&refId=wHda8vgH79ZLowsfaOGkeg%3D%3D&trackingId=flLm22YG9fw5bONu%2BuzXqw%3D%3D&trk=public_jobs_jserp-result_search-card
3849057918,Synpulse,Intern - Data Engineering,2024-03-07,https://sg.linkedin.com/jobs/view/intern-data-engineering-at-synpulse-3849057918?position=2&pageNum=30&refId=2KPjfXBQcz%2FPL%2Fk4yvKxlQ%3D%3D&trackingId=A95zTxl9jLnAQrhxcbicPg%3D%3D&trk=public_jobs_jserp-result_search-card
3825475683,minden.ai,Data Analyst,2024-03-07,https://sg.linkedin.com/jobs/view/data-analyst-at-minden-ai-3825475683?position=6&pageNum=0&refId=0ukQALJlr82OphKHl9ZhnQ%3D%3D&trackingId=tzXFPQkqhQ%2FNWL0mWnEcYg%3D%3D&trk=public_jobs_jserp-result_search-card
3849464489,Ministry of Manpower,"Statistical Specialist, Data Collection - MRSD",2024-03-07,https://sg.linkedin.com/jobs/view/statistical-specialist-data-collection-mrsd-at-ministry-of-manpower-3849464489?position=9&pageNum=30&refId=2KPjfXBQcz%2FPL%2Fk4yvKxlQ%3D%3D&trackingId=pUNlwPFUh1wNXPfDrCTcLQ%3D%3D&trk=public_jobs_jserp-result_search-card
3782755963,Infineon Technologies,Advanced Analytics & Artificial Intelligence-Machine Learning Engineering,2024-03-07,https://sg.linkedin.com/jobs/view/advanced-analytics-artificial-intelligence-machine-learning-engineering-at-infineon-technologies-3782755963?position=9&pageNum=40&refId=%2BSRKrjhAyINieUz%2FwJ3N1Q%3D%3D&trackingId=am%2F%2BQZcf28hEzL9o4CNGQg%3D%3D&trk=public_jobs_jserp-result_search-card
3849465301,Ministry of Manpower,Statistical Specialist (Data Collection Operations) - MRSD,2024-03-07,https://sg.linkedin.com/jobs/view/statistical-specialist-data-collection-operations-mrsd-at-ministry-of-manpower-3849465301?position=6&pageNum=40&refId=%2BSRKrjhAyINieUz%2FwJ3N1Q%3D%3D&trackingId=sYnYjllcsDRgSPu30uctow%3D%3D&trk=public_jobs_jserp-result_search-card
3844318020,Kerry Consulting,"Application support Engineer (eFX, DevOps)",2024-03-07,https://sg.linkedin.com/jobs/view/application-support-engineer-efx-devops-at-kerry-consulting-3844318020?position=9&pageNum=52&refId=Gu0csqYhsUBvpNb%2FDmiJeQ%3D%3D&trackingId=CUJm9nKM3FRArU3ycRN%2B9Q%3D%3D&trk=public_jobs_jserp-result_search-card
3811808890,ByteDance,"Benefits Specialist, Global Projects & Data Analysis - Singapore",2024-03-07,https://sg.linkedin.com/jobs/view/benefits-specialist-global-projects-data-analysis-singapore-at-bytedance-3811808890?position=8&pageNum=72&refId=C2V1YJMBTPgSWixpgfyiaQ%3D%3D&trackingId=sIP35vnv9v6YLwWz3%2FDrkw%3D%3D&trk=public_jobs_jserp-result_search-card
3757289845,Millennium,"Quantitative Researcher, Systematic Equities",2024-03-06,https://sg.linkedin.com/jobs/view/quantitative-researcher-systematic-equities-at-millennium-3757289845?position=2&pageNum=65&refId=hcxafFKRDpT9NYO8C%2FOGIg%3D%3D&trackingId=c%2BFhUSk%2FBfMfemU%2BvKmrAQ%3D%3D&trk=public_jobs_jserp-result_search-card
3848190477,Jobscentral,Customer Feedback Loop / Data Analyst #HMST,2024-03-06,https://sg.linkedin.com/jobs/view/customer-feedback-loop-data-analyst-%23hmst-at-jobscentral-3848190477?position=2&pageNum=40&refId=%2BSRKrjhAyINieUz%2FwJ3N1Q%3D%3D&trackingId=zfSCxIgwTQgsWUP%2BSXQsag%3D%3D&trk=public_jobs_jserp-result_search-card
3846666471,Seagate Technology,Data Analytics (Systems Engineering) - Internship,2024-03-06,https://sg.linkedin.com/jobs/view/data-analytics-systems-engineering-internship-at-seagate-technology-3846666471?position=3&pageNum=17&refId=4wzNjHuVUXHKQjmV2VDNAg%3D%3D&trackingId=jRekkPKuaNCpVBuAkgkmbA%3D%3D&trk=public_jobs_jserp-result_search-card
3848153276,Synapxe,Systems Engineer,2024-03-06,https://sg.linkedin.com/jobs/view/systems-engineer-at-synapxe-3848153276?position=8&pageNum=70&refId=wHda8vgH79ZLowsfaOGkeg%3D%3D&trackingId=jB%2FKtJfeWqvg%2BS7SCa91dg%3D%3D&trk=public_jobs_jserp-result_search-card
3843663566,Huawei Singapore,Machine Learning Algorithm Engineer,2024-03-06,https://sg.linkedin.com/jobs/view/machine-learning-algorithm-engineer-at-huawei-singapore-3843663566?position=6&pageNum=70&refId=wHda8vgH79ZLowsfaOGkeg%3D%3D&trackingId=DXFyZ0YyQSg%2BKb%2B%2F1CVojA%3D%3D&trk=public_jobs_jserp-result_search-card
3848443206,Binance,Research Data Analyst,2024-03-06,https://sg.linkedin.com/jobs/view/research-data-analyst-at-binance-3848443206?position=10&pageNum=7&refId=JOqx%2FUmdZMR51ZZX3N4Thw%3D%3D&trackingId=jcw67nbgn%2Fewykdggvfrxw%3D%3D&trk=public_jobs_jserp-result_search-card
3778804857,Bybit,Test Engineer,2024-03-06,https://sg.linkedin.com/jobs/view/test-engineer-at-bybit-3778804857?position=7&pageNum=77&refId=6nib6JccMwRCs6OKc8qAHA%3D%3D&trackingId=6aTUJLz3JlSAzxZfLN66Qw%3D%3D&trk=public_jobs_jserp-result_search-card
3847972263,Randstad Singapore,Airfreight Analyst (Electronica Data Interchange)x3,2024-03-06,https://sg.linkedin.com/jobs/view/airfreight-analyst-electronica-data-interchange-x3-at-randstad-singapore-3847972263?position=6&pageNum=90&refId=Z2FR9yxvAfkKt1%2BnYHrhEQ%3D%3D&trackingId=nTKdI4MhB6XU07wpEs8dsg%3D%3D&trk=public_jobs_jserp-result_search-card
3847804777,Quess Malaysia,Systems Engineer (SAN NAS Storage),2024-03-06,https://sg.linkedin.com/jobs/view/systems-engineer-san-nas-storage-at-quess-malaysia-3847804777?position=8&pageNum=77&refId=6nib6JccMwRCs6OKc8qAHA%3D%3D&trackingId=oa0juvXoBBWRwcCxhS3ScQ%3D%3D&trk=public_jobs_jserp-result_search-card
3824768911,Airwallex,"Data Engineering Expert (SQL, Python / Java)",2024-03-05,https://sg.linkedin.com/jobs/view/data-engineering-expert-sql-python-java-at-airwallex-3824768911?position=10&pageNum=82&refId=N5rUOS8krNFRl9DBXOZvxA%3D%3D&trackingId=GsfPKMN9U4%2B%2BDdB1zkdkkg%3D%3D&trk=public_jobs_jserp-result_search-card
3710409668,Marina Bay Sands,"Associate Analyst / Analyst, Customer Analytics (Casino)",2024-03-05,https://sg.linkedin.com/jobs/view/associate-analyst-analyst-customer-analytics-casino-at-marina-bay-sands-3710409668?position=6&pageNum=7&refId=JOqx%2FUmdZMR51ZZX3N4Thw%3D%3D&trackingId=Z4aApCVjTjhLJ0XsfJCLzA%3D%3D&trk=public_jobs_jserp-result_search-card
3846649102,Avient Corporation,Junior Data Analyst,2024-03-05,https://sg.linkedin.com/jobs/view/junior-data-analyst-at-avient-corporation-3846649102?position=2&pageNum=0&refId=0ukQALJlr82OphKHl9ZhnQ%3D%3D&trackingId=DdH0LUT6FEEQ3b9X%2BWdPew%3D%3D&trk=public_jobs_jserp-result_search-card
3846723244,Pasona Singapore Pte. Ltd.,Corporate Planning Executive/AM (West / Japanese Speaking / Data Analysis)(Job ID: 18847) - XH,2024-03-05,https://sg.linkedin.com/jobs/view/corporate-planning-executive-am-west-japanese-speaking-data-analysis-job-id-18847-xh-at-pasona-singapore-pte-ltd-3846723244?position=10&pageNum=30&refId=2KPjfXBQcz%2FPL%2Fk4yvKxlQ%3D%3D&trackingId=8oy6sQLdjAwfcDXpGAHJHw%3D%3D&trk=public_jobs_jserp-result_search-card
3846718950,Unison Consulting,Reporting and Analytics Developer/Data Engineer - SG2424,2024-03-05,https://sg.linkedin.com/jobs/view/reporting-and-analytics-developer-data-engineer-sg2424-at-unison-consulting-3846718950?position=9&pageNum=17&refId=4wzNjHuVUXHKQjmV2VDNAg%3D%3D&trackingId=XV2d1u1HIxR6Pb61z8DgFA%3D%3D&trk=public_jobs_jserp-result_search-card
3846911735,NK Securities Research,Quantitative Researcher,2024-03-05,https://sg.linkedin.com/jobs/view/quantitative-researcher-at-nk-securities-research-3846911735?position=7&pageNum=17&refId=4wzNjHuVUXHKQjmV2VDNAg%3D%3D&trackingId=VoMuSdnNKMgk2kCkBzDtiQ%3D%3D&trk=public_jobs_jserp-result_search-card
3847194660,Assurity Trusted Solutions Pte Ltd,Infrastructure Engineer (Document Management Systems),2024-03-05,https://sg.linkedin.com/jobs/view/infrastructure-engineer-document-management-systems-at-assurity-trusted-solutions-pte-ltd-3847194660?position=8&pageNum=90&refId=Z2FR9yxvAfkKt1%2BnYHrhEQ%3D%3D&trackingId=hkJ0e6t17hE%2B4T7wlkrYSw%3D%3D&trk=public_jobs_jserp-result_search-card
3756952728,PSA International,Azure Data Engineer,2024-03-04,https://sg.linkedin.com/jobs/view/azure-data-engineer-at-psa-international-3756952728?position=7&pageNum=65&refId=hcxafFKRDpT9NYO8C%2FOGIg%3D%3D&trackingId=MtmUn%2FqntsGLmKSjzATE6Q%3D%3D&trk=public_jobs_jserp-result_search-card
3845754108,Infinite Computer Solutions,Reporting and Analytics Developer/Data Engineer,2024-03-04,https://sg.linkedin.com/jobs/view/reporting-and-analytics-developer-data-engineer-at-infinite-computer-solutions-3845754108?position=10&pageNum=42&refId=DMyDG6kdlnbFOeNAyYMKIg%3D%3D&trackingId=NJqLfUdTPROoUuJKYKaxLw%3D%3D&trk=public_jobs_jserp-result_search-card
3828016482,Agoda,"Data Analyst, Key Accounts (Bangkok based, Relocation Provided)",2024-03-04,https://sg.linkedin.com/jobs/view/data-analyst-key-accounts-bangkok-based-relocation-provided-at-agoda-3828016482?position=1&pageNum=27&refId=87VcAFM4UoTiJnD4KKwWLA%3D%3D&trackingId=voF5lWcY39YEVJGzmA1F3A%3D%3D&trk=public_jobs_jserp-result_search-card
3842004906,Pathos Consultancy,Quantitative Developer - Trading Firm,2024-03-04,https://sg.linkedin.com/jobs/view/quantitative-developer-trading-firm-at-pathos-consultancy-3842004906?position=3&pageNum=97&refId=eDzWcyCPF%2F5GROvSnYgbKg%3D%3D&trackingId=zz1metfEvguLH%2BZGM8Ui6g%3D%3D&trk=public_jobs_jserp-result_search-card
3744653094,Singapore Airlines,Information Technology - Systems Technology Engineer,2024-03-04,https://sg.linkedin.com/jobs/view/information-technology-systems-technology-engineer-at-singapore-airlines-3744653094?position=5&pageNum=80&refId=N5wysBYREF9zJ4RyL2r6aA%3D%3D&trackingId=Ytvr4p37Qtl71aWrpfXBrQ%3D%3D&trk=public_jobs_jserp-result_search-card
3767467689,Synpulse,Analyst | Data Engineer (Spark/Scala/Pyspark required),2024-03-04,https://sg.linkedin.com/jobs/view/analyst-data-engineer-spark-scala-pyspark-required-at-synpulse-3767467689?position=2&pageNum=32&refId=1y492hnN8pnsUr1bCRiPWA%3D%3D&trackingId=cpAOwU3FH2hxcz6jquW9YQ%3D%3D&trk=public_jobs_jserp-result_search-card
3846056369,Big Cloud,Computer Vision Research Engineer,2024-03-04,https://sg.linkedin.com/jobs/view/computer-vision-research-engineer-at-big-cloud-3846056369?position=9&pageNum=80&refId=N5wysBYREF9zJ4RyL2r6aA%3D%3D&trackingId=bgvmBCdVBIYqnjM1wuCDTw%3D%3D&trk=public_jobs_jserp-result_search-card
3832646721,Renesas Electronics,"Cloud Engineer, AI Systems",2024-03-04,https://sg.linkedin.com/jobs/view/cloud-engineer-ai-systems-at-renesas-electronics-3832646721?position=4&pageNum=32&refId=1y492hnN8pnsUr1bCRiPWA%3D%3D&trackingId=1bLM%2FdKR%2BEZ78QnEkAiD9w%3D%3D&trk=public_jobs_jserp-result_search-card
3817289378,CTC Global Pte Ltd,Associate Software Engineer,2024-03-04,https://sg.linkedin.com/jobs/view/associate-software-engineer-at-ctc-global-pte-ltd-3817289378?position=10&pageNum=80&refId=N5wysBYREF9zJ4RyL2r6aA%3D%3D&trackingId=gnNx4S5qIXDWyCvLDBG5tA%3D%3D&trk=public_jobs_jserp-result_search-card
3846317491,Unison Consulting,Informatica Developer,2024-03-04,https://sg.linkedin.com/jobs/view/informatica-developer-at-unison-consulting-3846317491?position=3&pageNum=92&refId=oLzgwYzuca8KCEcL1bpsPA%3D%3D&trackingId=ZJUv91wzvgaWC%2Bfs%2BXMczA%3D%3D&trk=public_jobs_jserp-result_search-card
3845905138,Big Cloud,Research Data Scientist,2024-03-04,https://sg.linkedin.com/jobs/view/research-data-scientist-at-big-cloud-3845905138?position=2&pageNum=92&refId=oLzgwYzuca8KCEcL1bpsPA%3D%3D&trackingId=s6kqlAkIBSIBO8FUINkyLQ%3D%3D&trk=public_jobs_jserp-result_search-card
3827674075,SAP,SAP Intern - AI Developer,2024-03-04,https://sg.linkedin.com/jobs/view/sap-intern-ai-developer-at-sap-3827674075?position=8&pageNum=40&refId=%2BSRKrjhAyINieUz%2FwJ3N1Q%3D%3D&trackingId=UpaSWwyymiUywv%2Bu%2Fgwtuw%3D%3D&trk=public_jobs_jserp-result_search-card
3842073906,EVYD Technology,Data Engineer,2024-03-04,https://sg.linkedin.com/jobs/view/data-engineer-at-evyd-technology-3842073906?position=5&pageNum=67&refId=8FuxhL1haEunmI3d3bcP%2Bw%3D%3D&trackingId=Uq5Y%2BryUG4D8IZy2oPWwtw%3D%3D&trk=public_jobs_jserp-result_search-card
3845949246,Hortor Limited,Data Center Facilities Engineer,2024-03-04,https://sg.linkedin.com/jobs/view/data-center-facilities-engineer-at-hortor-limited-3845949246?position=10&pageNum=85&refId=7dUW5nbGKO1AozN%2FaOdP1w%3D%3D&trackingId=oSZt3faLRlx3qOwWBlckog%3D%3D&trk=public_jobs_jserp-result_search-card
3845934328,Google,"Customer Engineer, AI Search, Google Cloud",2024-03-04,https://sg.linkedin.com/jobs/view/customer-engineer-ai-search-google-cloud-at-google-3845934328?position=10&pageNum=67&refId=8FuxhL1haEunmI3d3bcP%2Bw%3D%3D&trackingId=eK4cSnxCiY4kGzt%2BCQ05%2FA%3D%3D&trk=public_jobs_jserp-result_search-card
3818854362,World Wide Technology,Data Centre Service Delivery Infrastructure Technical Analyst (Contract),2024-03-04,https://sg.linkedin.com/jobs/view/data-centre-service-delivery-infrastructure-technical-analyst-contract-at-world-wide-technology-3818854362?position=8&pageNum=47&refId=2bA3NDh2IVM7RL10l%2BWvVg%3D%3D&trackingId=DnH7CVZ%2FD60QmwmzVc%2FkFw%3D%3D&trk=public_jobs_jserp-result_search-card
3845641809,Good Job Creations (Singapore) Pte Ltd,Big Data Engineer (Central/ $8.5k + Bonus!),2024-03-04,https://sg.linkedin.com/jobs/view/big-data-engineer-central-%248-5k-%2B-bonus%21-at-good-job-creations-singapore-pte-ltd-3845641809?position=6&pageNum=85&refId=7dUW5nbGKO1AozN%2FaOdP1w%3D%3D&trackingId=TvNVwNQkETnt1n5PZE2rCA%3D%3D&trk=public_jobs_jserp-result_search-card
3832648465,Renesas Electronics,AI Compiler Engineer,2024-03-04,https://sg.linkedin.com/jobs/view/ai-compiler-engineer-at-renesas-electronics-3832648465?position=1&pageNum=55&refId=yBbGDZlh2svQ80DSiE2X3A%3D%3D&trackingId=RDGtwEIcjcl2m1tvo%2Bu0eQ%3D%3D&trk=public_jobs_jserp-result_search-card
3845396901,Synapxe,Associate Software Developer,2024-03-03,https://sg.linkedin.com/jobs/view/associate-software-developer-at-synapxe-3845396901?position=7&pageNum=97&refId=eDzWcyCPF%2F5GROvSnYgbKg%3D%3D&trackingId=W37tV3ZmHBaq97WLpBlLEw%3D%3D&trk=public_jobs_jserp-result_search-card
3845263682,Robert Walters,Storage Engineer,2024-03-03,https://sg.linkedin.com/jobs/view/storage-engineer-at-robert-walters-3845263682?position=3&pageNum=80&refId=N5wysBYREF9zJ4RyL2r6aA%3D%3D&trackingId=LTyKwW75uCGN%2FSIBxyAqWw%3D%3D&trk=public_jobs_jserp-result_search-card
3810561922,TikTok,Data Scientist-Analytics - TikTok,2024-03-03,https://sg.linkedin.com/jobs/view/data-scientist-analytics-tiktok-at-tiktok-3810561922?position=8&pageNum=82&refId=N5rUOS8krNFRl9DBXOZvxA%3D%3D&trackingId=DaZQPiKXG0YeQf8056LX2A%3D%3D&trk=public_jobs_jserp-result_search-card
3580128161,ByteDance,Data Engineer - Global Payments,2024-03-02,https://sg.linkedin.com/jobs/view/data-engineer-global-payments-at-bytedance-3580128161?position=3&pageNum=72&refId=C2V1YJMBTPgSWixpgfyiaQ%3D%3D&trackingId=MtU30E%2FqfcvMamvy56n3pA%3D%3D&trk=public_jobs_jserp-result_search-card
3839599630,Goose,Data Analyst (Data Scientist),2024-03-01,https://sg.linkedin.com/jobs/view/data-analyst-data-scientist-at-goose-3839599630?position=9&pageNum=15&refId=FWryZ5ipHjy6txPKyd8CQg%3D%3D&trackingId=BxG%2FwpssfYRlXfur%2BGVqjw%3D%3D&trk=public_jobs_jserp-result_search-card
3820188245,SingHealth,"Senior/ Analyst, Data Science, Group Finance Analytics (Contract)",2024-03-01,https://sg.linkedin.com/jobs/view/senior-analyst-data-science-group-finance-analytics-contract-at-singhealth-3820188245?position=2&pageNum=15&refId=FWryZ5ipHjy6txPKyd8CQg%3D%3D&trackingId=hfKOBnEf824DqyS%2FN9UibQ%3D%3D&trk=public_jobs_jserp-result_search-card
3764126338,DSO National Laboratories,Computer Vision Engineer (Guided Systems),2024-03-01,https://sg.linkedin.com/jobs/view/computer-vision-engineer-guided-systems-at-dso-national-laboratories-3764126338?position=4&pageNum=70&refId=wHda8vgH79ZLowsfaOGkeg%3D%3D&trackingId=804Eztk2EbZTBdUBdmdNMw%3D%3D&trk=public_jobs_jserp-result_search-card
3617980804,TikTok,E-commerce Data Analyst,2024-03-01,https://sg.linkedin.com/jobs/view/e-commerce-data-analyst-at-tiktok-3617980804?position=2&pageNum=10&refId=WTQZWb4u4RHJG2SfQFPpOg%3D%3D&trackingId=8btaVg6yd%2F7qcfIT6Gqm%2BA%3D%3D&trk=public_jobs_jserp-result_search-card
3841839792,DBS Bank,"Analyst, Account Onboarding & Static Data Control - Vickers Operations, Consumer Banking Ops, Technology & Operations",2024-02-29,https://sg.linkedin.com/jobs/view/analyst-account-onboarding-static-data-control-vickers-operations-consumer-banking-ops-technology-operations-at-dbs-bank-3841839792?position=5&pageNum=77&refId=6nib6JccMwRCs6OKc8qAHA%3D%3D&trackingId=jAGaKKLew2UKs%2FtzPK8YhQ%3D%3D&trk=public_jobs_jserp-result_search-card
3838197569,HoYoverse,Data Analyst - Globalization - Fresh Grad,2024-02-29,https://sg.linkedin.com/jobs/view/data-analyst-globalization-fresh-grad-at-hoyoverse-3838197569?position=5&pageNum=0&refId=0ukQALJlr82OphKHl9ZhnQ%3D%3D&trackingId=wLBSxPhP6f3Bx274V7Ft7g%3D%3D&trk=public_jobs_jserp-result_search-card
3838198465,HoYoverse,Data Analyst (Honkai: Star Rail) – Fresh Grad,2024-02-29,https://sg.linkedin.com/jobs/view/data-analyst-honkai-star-rail-%E2%80%93-fresh-grad-at-hoyoverse-3838198465?position=10&pageNum=0&refId=0ukQALJlr82OphKHl9ZhnQ%3D%3D&trackingId=f1Tv6GvgDr8GaLEGBrXAEw%3D%3D&trk=public_jobs_jserp-result_search-card
3744650691,Singapore Airlines,Information Technology - Senior Data Engineer (Analytics Engineering Track),2024-02-29,https://sg.linkedin.com/jobs/view/information-technology-senior-data-engineer-analytics-engineering-track-at-singapore-airlines-3744650691?position=7&pageNum=95&refId=FIv%2BUcBmOYRbjj4Z%2BlF%2BJg%3D%3D&trackingId=w7%2B%2FluZaipWUZqPRYTjxkw%3D%3D&trk=public_jobs_jserp-result_search-card
3779110996,Klook,Senior Data Analyst,2024-02-29,https://sg.linkedin.com/jobs/view/senior-data-analyst-at-klook-3779110996?position=9&pageNum=10&refId=WTQZWb4u4RHJG2SfQFPpOg%3D%3D&trackingId=riwf5lgT6cf4UAG7YelNWg%3D%3D&trk=public_jobs_jserp-result_search-card
3778427691,Binance,Data Analyst,2024-02-29,https://sg.linkedin.com/jobs/view/data-analyst-at-binance-3778427691?position=3&pageNum=5&refId=XS%2BQXMhzFfiPIXol3TPX6Q%3D%3D&trackingId=OjwgFaDATFWqW00KkxbLpw%3D%3D&trk=public_jobs_jserp-result_search-card
3838197570,HoYoverse,Data Analyst - Fresh Grad,2024-02-29,https://sg.linkedin.com/jobs/view/data-analyst-fresh-grad-at-hoyoverse-3838197570?position=1&pageNum=0&refId=0ukQALJlr82OphKHl9ZhnQ%3D%3D&trackingId=n4BYln7pGmt9sW74mAW0vA%3D%3D&trk=public_jobs_jserp-result_search-card
3839770103,Singapore Airlines,Technical Services Engineer (Data Analytics & Digitalization),2024-02-28,https://sg.linkedin.com/jobs/view/technical-services-engineer-data-analytics-digitalization-at-singapore-airlines-3839770103?position=3&pageNum=67&refId=8FuxhL1haEunmI3d3bcP%2Bw%3D%3D&trackingId=E%2FrIScql5q5%2BCFM1w2Qz4A%3D%3D&trk=public_jobs_jserp-result_search-card
3841862857,Singtel,Data Engineer #catalystWSP,2024-02-28,https://sg.linkedin.com/jobs/view/data-engineer-%23catalystwsp-at-singtel-3841862857?position=1&pageNum=57&refId=ACA9gf199NwaYvjEz6IvLw%3D%3D&trackingId=yvFc0ujCvM4LjPM3Gly9Jw%3D%3D&trk=public_jobs_jserp-result_search-card
3842265460,Jobscentral,Research Assistant (Developer),2024-02-28,https://sg.linkedin.com/jobs/view/research-assistant-developer-at-jobscentral-3842265460?position=1&pageNum=80&refId=N5wysBYREF9zJ4RyL2r6aA%3D%3D&trackingId=pmeMH%2Bw6nDXmeHlPvd4VVQ%3D%3D&trk=public_jobs_jserp-result_search-card
3838388188,Boo,Performance Engineer – Remote,2024-02-26,https://sg.linkedin.com/jobs/view/performance-engineer-%E2%80%93-remote-at-boo-3838388188?position=2&pageNum=95&refId=FIv%2BUcBmOYRbjj4Z%2BlF%2BJg%3D%3D&trackingId=D%2FKPyL3n0R8%2BmVg2kHS%2FeQ%3D%3D&trk=public_jobs_jserp-result_search-card
3840212389,Unison Consulting,Informatica Developer,2024-02-26,https://sg.linkedin.com/jobs/view/informatica-developer-at-unison-consulting-3840212389?position=9&pageNum=92&refId=oLzgwYzuca8KCEcL1bpsPA%3D%3D&trackingId=VRbXrrPd1fPRxZbY8VNqRQ%3D%3D&trk=public_jobs_jserp-result_search-card
3840330434,Unison Consulting,Informatica Developer,2024-02-26,https://sg.linkedin.com/jobs/view/informatica-developer-at-unison-consulting-3840330434?position=7&pageNum=92&refId=oLzgwYzuca8KCEcL1bpsPA%3D%3D&trackingId=Se0KRdz2y%2BalAY00TS28qA%3D%3D&trk=public_jobs_jserp-result_search-card
3623883362,Stellar Ace,"Senior Executive, Data Analyst (Insights) (Stellar Ace)",2024-02-26,https://sg.linkedin.com/jobs/view/senior-executive-data-analyst-insights-stellar-ace-at-stellar-ace-3623883362?position=4&pageNum=25&refId=%2BKIZhbRkuYydMuXy1wGsCw%3D%3D&trackingId=8a9UqA6sKneujh0c652abg%3D%3D&trk=public_jobs_jserp-result_search-card
3840338732,Shopee,"Data Analyst Intern, Regional BI & Planning (Summer 2024)",2024-02-26,https://sg.linkedin.com/jobs/view/data-analyst-intern-regional-bi-planning-summer-2024-at-shopee-3840338732?position=10&pageNum=15&refId=FWryZ5ipHjy6txPKyd8CQg%3D%3D&trackingId=w2zTQKToNY9MhStoRAXV8g%3D%3D&trk=public_jobs_jserp-result_search-card
3862170770,AMD,AI / Machine Learning Engineer,2024-02-26,https://sg.linkedin.com/jobs/view/ai-machine-learning-engineer-at-amd-3862170770?position=3&pageNum=75&refId=REIQobRDc0%2B56eOznTGTpA%3D%3D&trackingId=uCvfZIzmU7NcwB%2FQZE1bxA%3D%3D&trk=public_jobs_jserp-result_search-card
3759305577,ByteDance,Data Analyst - LLM Data Acquisition and Production,2024-02-25,https://sg.linkedin.com/jobs/view/data-analyst-llm-data-acquisition-and-production-at-bytedance-3759305577?position=7&pageNum=32&refId=1y492hnN8pnsUr1bCRiPWA%3D%3D&trackingId=78pXN00VwC%2F0KtC7hv37%2BA%3D%3D&trk=public_jobs_jserp-result_search-card
3742046433,DSO National Laboratories,AI/HPC Infrastructure Engineer,2024-02-25,https://sg.linkedin.com/jobs/view/ai-hpc-infrastructure-engineer-at-dso-national-laboratories-3742046433?position=2&pageNum=42&refId=DMyDG6kdlnbFOeNAyYMKIg%3D%3D&trackingId=GjuSpJyjmggs5VGjUAkLNg%3D%3D&trk=public_jobs_jserp-result_search-card
3864957275,KNOREX,Data Scientist,2024-02-24,https://sg.linkedin.com/jobs/view/data-scientist-at-knorex-3864957275?position=10&pageNum=95&refId=FIv%2BUcBmOYRbjj4Z%2BlF%2BJg%3D%3D&trackingId=KvKAobRuid5WjzLkzp%2Fihw%3D%3D&trk=public_jobs_jserp-result_search-card
3804248144,TikTok,Data Engineer - Marketing Intelligence,2024-02-24,https://sg.linkedin.com/jobs/view/data-engineer-marketing-intelligence-at-tiktok-3804248144?position=5&pageNum=82&refId=N5rUOS8krNFRl9DBXOZvxA%3D%3D&trackingId=lxsId16Goqr3YFOG%2BbLDcg%3D%3D&trk=public_jobs_jserp-result_search-card
3680550706,Synapxe,Senior Business Analyst - MOH Data (MOH),2024-02-23,https://sg.linkedin.com/jobs/view/senior-business-analyst-moh-data-moh-at-synapxe-3680550706?position=10&pageNum=60&refId=be499PdFXEpWH8v4DXr5UA%3D%3D&trackingId=pg1dzNvNF0VxJhnwWmPp4A%3D%3D&trk=public_jobs_jserp-result_search-card
3838222141,Meiyume,Intern – Data Management & Analytics,2024-02-23,https://sg.linkedin.com/jobs/view/intern-%E2%80%93-data-management-analytics-at-meiyume-3838222141?position=8&pageNum=15&refId=FWryZ5ipHjy6txPKyd8CQg%3D%3D&trackingId=RRdLNQ54Sf5pHUx1%2FL%2F5kw%3D%3D&trk=public_jobs_jserp-result_search-card
3831561212,National University of Singapore,Research Engineer (Perception),2024-02-22,https://sg.linkedin.com/jobs/view/research-engineer-perception-at-national-university-of-singapore-3831561212?position=2&pageNum=85&refId=7dUW5nbGKO1AozN%2FaOdP1w%3D%3D&trackingId=tZA2Z5DYDcplJGhDUu02Xg%3D%3D&trk=public_jobs_jserp-result_search-card
3686137524,Infineon Technologies,Internship - Software Development (Data Application),2024-02-22,https://sg.linkedin.com/jobs/view/internship-software-development-data-application-at-infineon-technologies-3686137524?position=8&pageNum=57&refId=ACA9gf199NwaYvjEz6IvLw%3D%3D&trackingId=lNeqNL5hjSWp8wvC2b%2F2ow%3D%3D&trk=public_jobs_jserp-result_search-card
3836563499,Amaris Consulting,IT Engineer (Pharma),2024-02-22,https://sg.linkedin.com/jobs/view/it-engineer-pharma-at-amaris-consulting-3836563499?position=6&pageNum=77&refId=6nib6JccMwRCs6OKc8qAHA%3D%3D&trackingId=We7kYtDiumBCiWbs2uAnQA%3D%3D&trk=public_jobs_jserp-result_search-card
3836175615,Crisis24,Intel Protective Intelligence Center Analyst,2024-02-22,https://sg.linkedin.com/jobs/view/intel-protective-intelligence-center-analyst-at-crisis24-3836175615?position=8&pageNum=32&refId=1y492hnN8pnsUr1bCRiPWA%3D%3D&trackingId=SNsabkVTBIS3WPZY88sM1A%3D%3D&trk=public_jobs_jserp-result_search-card
3837479833,RGF Professional Recruitment,Q-Quant Analyst,2024-02-22,https://sg.linkedin.com/jobs/view/q-quant-analyst-at-rgf-professional-recruitment-3837479833?position=8&pageNum=30&refId=2KPjfXBQcz%2FPL%2Fk4yvKxlQ%3D%3D&trackingId=r9HM6F6NM66WCv2LAuptag%3D%3D&trk=public_jobs_jserp-result_search-card
3747026637,Vitol,Desk Data Scientist,2024-02-22,https://sg.linkedin.com/jobs/view/desk-data-scientist-at-vitol-3747026637?position=6&pageNum=30&refId=2KPjfXBQcz%2FPL%2Fk4yvKxlQ%3D%3D&trackingId=rpdV3RJlTniMA0qlCriPdg%3D%3D&trk=public_jobs_jserp-result_search-card
3650802260,ByteDance,Data Analyst - Global Payment - Singapore,2024-02-22,https://sg.linkedin.com/jobs/view/data-analyst-global-payment-singapore-at-bytedance-3650802260?position=9&pageNum=20&refId=KRMAIyyESOLxahIqqcKNIA%3D%3D&trackingId=f094%2FiYUxQcrmUOXauiCRg%3D%3D&trk=public_jobs_jserp-result_search-card
3820469891,Certis,"Data Analyst, Temp (Australia Market)",2024-02-20,https://sg.linkedin.com/jobs/view/data-analyst-temp-australia-market-at-certis-3820469891?position=6&pageNum=35&refId=UPKRBnJJ%2BQMG%2FdmyPVYxwA%3D%3D&trackingId=qMkauO5KVAZPFEXGDg4lWg%3D%3D&trk=public_jobs_jserp-result_search-card
3817576167,StarHub,Data Engineer,2024-02-20,https://sg.linkedin.com/jobs/view/data-engineer-at-starhub-3817576167?position=8&pageNum=75&refId=REIQobRDc0%2B56eOznTGTpA%3D%3D&trackingId=fAXDqz83eZjcz1r3qPGprw%3D%3D&trk=public_jobs_jserp-result_search-card
3834475975,Unison Consulting,"Data Engineer (Python ,Scala ,Hadoop)",2024-02-19,https://sg.linkedin.com/jobs/view/data-engineer-python-scala-hadoop-at-unison-consulting-3834475975?position=6&pageNum=42&refId=DMyDG6kdlnbFOeNAyYMKIg%3D%3D&trackingId=at%2FgHmGc80uOxIWUlrQe3Q%3D%3D&trk=public_jobs_jserp-result_search-card
3849210860,ADVANCE.AI,Algorithm Engineer Intern,2024-02-19,https://sg.linkedin.com/jobs/view/algorithm-engineer-intern-at-advance-ai-3849210860?position=4&pageNum=77&refId=6nib6JccMwRCs6OKc8qAHA%3D%3D&trackingId=HxGd5r%2FJLPorse5aLF%2F6Tg%3D%3D&trk=public_jobs_jserp-result_search-card
3801243392,Synapxe,Data Analyst - Data Concierge (MOH),2024-02-19,https://sg.linkedin.com/jobs/view/data-analyst-data-concierge-moh-at-synapxe-3801243392?position=3&pageNum=20&refId=KRMAIyyESOLxahIqqcKNIA%3D%3D&trackingId=O584VT6M3X%2B6AuJwEMDiew%3D%3D&trk=public_jobs_jserp-result_search-card
3824261528,Algo Capital Group,Quantitative Developer (KDB+/Python),2024-02-19,https://sg.linkedin.com/jobs/view/quantitative-developer-kdb%2B-python-at-algo-capital-group-3824261528?position=1&pageNum=65&refId=hcxafFKRDpT9NYO8C%2FOGIg%3D%3D&trackingId=0xJKRo1GE5bNJwR%2FnIn38g%3D%3D&trk=public_jobs_jserp-result_search-card
3833410324,Unison Consulting,Data Engineer (Spark Scala DevOps),2024-02-17,https://sg.linkedin.com/jobs/view/data-engineer-spark-scala-devops-at-unison-consulting-3833410324?position=9&pageNum=65&refId=hcxafFKRDpT9NYO8C%2FOGIg%3D%3D&trackingId=QhbYdEZydnvoI5cOMIC7Sw%3D%3D&trk=public_jobs_jserp-result_search-card
3833411275,Unison Consulting,Machine Learning (ML) Engineer,2024-02-17,https://sg.linkedin.com/jobs/view/machine-learning-ml-engineer-at-unison-consulting-3833411275?position=5&pageNum=40&refId=%2BSRKrjhAyINieUz%2FwJ3N1Q%3D%3D&trackingId=ANojPgjh49bNm7LwCqBuuw%3D%3D&trk=public_jobs_jserp-result_search-card
3826727542,Land Transport Authority (LTA) Singapore,[LTA-ITCD] SENIOR / EXECUTIVE AI ENGINEER / AI ENGINEER,2024-02-17,https://sg.linkedin.com/jobs/view/lta-itcd-senior-executive-ai-engineer-ai-engineer-at-land-transport-authority-lta-singapore-3826727542?position=7&pageNum=80&refId=N5wysBYREF9zJ4RyL2r6aA%3D%3D&trackingId=rMq3Urqf9Lspl9H48NBC4g%3D%3D&trk=public_jobs_jserp-result_search-card
3829597869,Randstad Singapore,Pricing & Data Analyst (Airfreight)Electronic DI,2024-02-14,https://sg.linkedin.com/jobs/view/pricing-data-analyst-airfreight-electronic-di-at-randstad-singapore-3829597869?position=5&pageNum=57&refId=ACA9gf199NwaYvjEz6IvLw%3D%3D&trackingId=dHN6Cc1GzUzOa8yvwmyl4g%3D%3D&trk=public_jobs_jserp-result_search-card
3825859273,National University of Singapore,AI Engineer for AI Singapore (AI Products),2024-02-13,https://sg.linkedin.com/jobs/view/ai-engineer-for-ai-singapore-ai-products-at-national-university-of-singapore-3825859273?position=3&pageNum=65&refId=hcxafFKRDpT9NYO8C%2FOGIg%3D%3D&trackingId=WdrEFOxieP73ZoYbZgvUfg%3D%3D&trk=public_jobs_jserp-result_search-card
3817865768,CHARLES & KEITH GROUP,Data Scientist / Data Analyst,2024-02-08,https://sg.linkedin.com/jobs/view/data-scientist-data-analyst-at-charles-keith-group-3817865768?position=8&pageNum=0&refId=0ukQALJlr82OphKHl9ZhnQ%3D%3D&trackingId=E0GBhWv3NPvVTTtpIxuO8Q%3D%3D&trk=public_jobs_jserp-result_search-card
3817450615,Shopee,"Marketing Data Analyst Intern - Marketing Solutions, Business Development",2024-01-30,https://sg.linkedin.com/jobs/view/marketing-data-analyst-intern-marketing-solutions-business-development-at-shopee-3817450615?position=5&pageNum=27&refId=87VcAFM4UoTiJnD4KKwWLA%3D%3D&trackingId=hhz6BWd8yTQvYgcg12iCIQ%3D%3D&trk=public_jobs_jserp-result_search-card
3792909420,Storm2,Senior Business Intelligence Analyst,2024-01-22,https://sg.linkedin.com/jobs/view/senior-business-intelligence-analyst-at-storm2-3792909420?position=5&pageNum=7&refId=JOqx%2FUmdZMR51ZZX3N4Thw%3D%3D&trackingId=zxO8qYyx0PVawMpH62pB7g%3D%3D&trk=public_jobs_jserp-result_search-card
3684120093,Shopee,"Data Analyst - Business Intelligence, Regional Operations",2024-01-19,https://sg.linkedin.com/jobs/view/data-analyst-business-intelligence-regional-operations-at-shopee-3684120093?position=8&pageNum=5&refId=XS%2BQXMhzFfiPIXol3TPX6Q%3D%3D&trackingId=z1le6i5Es7Q3WUNnbK5r5A%3D%3D&trk=public_jobs_jserp-result_search-card
3806427633,Razer Inc.,AI and Data Application Intern,2024-01-19,https://sg.linkedin.com/jobs/view/ai-and-data-application-intern-at-razer-inc-3806427633?position=1&pageNum=32&refId=1y492hnN8pnsUr1bCRiPWA%3D%3D&trackingId=p3K5LnY96uXjNxDe0guLWw%3D%3D&trk=public_jobs_jserp-result_search-card
3809998558,Mighty Bear Games,Data Engineer,2024-01-19,https://sg.linkedin.com/jobs/view/data-engineer-at-mighty-bear-games-3809998558?position=3&pageNum=57&refId=ACA9gf199NwaYvjEz6IvLw%3D%3D&trackingId=QuD0nBU4GdrB%2BGeWxtdBDw%3D%3D&trk=public_jobs_jserp-result_search-card
3763794871,Shopee,Business Intelligence Analyst (Operations) - SG Business Intelligence,2024-01-19,https://sg.linkedin.com/jobs/view/business-intelligence-analyst-operations-sg-business-intelligence-at-shopee-3763794871?position=2&pageNum=7&refId=JOqx%2FUmdZMR51ZZX3N4Thw%3D%3D&trackingId=QyoYVUMfgyNZCm%2FWTOsqJQ%3D%3D&trk=public_jobs_jserp-result_search-card
3773267246,Shopee,Business Intelligence Analyst - SG Business Intelligence,2024-01-19,https://sg.linkedin.com/jobs/view/business-intelligence-analyst-sg-business-intelligence-at-shopee-3773267246?position=10&pageNum=5&refId=XS%2BQXMhzFfiPIXol3TPX6Q%3D%3D&trackingId=8QJ8r3xb%2Be%2F9GrUv4tO7ng%3D%3D&trk=public_jobs_jserp-result_search-card
3725015864,Shopee,Regional Marketplace Operations Data Analyst (Campus Hiring 2024),2024-01-19,https://sg.linkedin.com/jobs/view/regional-marketplace-operations-data-analyst-campus-hiring-2024-at-shopee-3725015864?position=8&pageNum=27&refId=87VcAFM4UoTiJnD4KKwWLA%3D%3D&trackingId=Q1IyVggfMgFLKR4e9mVuJA%3D%3D&trk=public_jobs_jserp-result_search-card
3770296729,Shopee,Principle Anti-Fraud AI Engineer - Search & Recommendation,2024-01-19,https://sg.linkedin.com/jobs/view/principle-anti-fraud-ai-engineer-search-recommendation-at-shopee-3770296729?position=4&pageNum=97&refId=eDzWcyCPF%2F5GROvSnYgbKg%3D%3D&trackingId=quuIkdhCCFfGCTeyZWIgFA%3D%3D&trk=public_jobs_jserp-result_search-card
3827705737,Paradigm,Quantitative Strategist,2024-01-17,https://sg.linkedin.com/jobs/view/quantitative-strategist-at-paradigm-3827705737?position=10&pageNum=55&refId=yBbGDZlh2svQ80DSiE2X3A%3D%3D&trackingId=ONP%2FHTDIqaP1Onowz6w3fw%3D%3D&trk=public_jobs_jserp-result_search-card
3807725031,HBA/Hirsch Bedner Associates,Coopers Hill Open Application,2024-01-16,https://sg.linkedin.com/jobs/view/coopers-hill-open-application-at-hba-hirsch-bedner-associates-3807725031?position=6&pageNum=72&refId=C2V1YJMBTPgSWixpgfyiaQ%3D%3D&trackingId=1R7pIUwoMX3xXnVSPO7r1w%3D%3D&trk=public_jobs_jserp-result_search-card
3804037497,Venti Technologies,Applied Machine Learning Engineer Intern,2024-01-12,https://sg.linkedin.com/jobs/view/applied-machine-learning-engineer-intern-at-venti-technologies-3804037497?position=5&pageNum=92&refId=oLzgwYzuca8KCEcL1bpsPA%3D%3D&trackingId=iUzfOpKjOZixbj7bSx5bxQ%3D%3D&trk=public_jobs_jserp-result_search-card
3801235202,Nanyang Technological University Singapore,Research Assistant (Software and Data Analytics),2024-01-10,https://sg.linkedin.com/jobs/view/research-assistant-software-and-data-analytics-at-nanyang-technological-university-singapore-3801235202?position=4&pageNum=60&refId=be499PdFXEpWH8v4DXr5UA%3D%3D&trackingId=J%2FjRvCOn1EHSqigcwbsnJQ%3D%3D&trk=public_jobs_jserp-result_search-card
3801961815,Jobscentral,Research Assistant (Software and Data Analytics),2024-01-09,https://sg.linkedin.com/jobs/view/research-assistant-software-and-data-analytics-at-jobscentral-3801961815?position=7&pageNum=30&refId=2KPjfXBQcz%2FPL%2Fk4yvKxlQ%3D%3D&trackingId=BkEYt2hNuP5hnkx7EBkOeQ%3D%3D&trk=public_jobs_jserp-result_search-card
3777558003,GlobalFoundries,Sr/Principal Engineer Failure Analysis,2024-01-05,https://sg.linkedin.com/jobs/view/sr-principal-engineer-failure-analysis-at-globalfoundries-3777558003?position=1&pageNum=70&refId=wHda8vgH79ZLowsfaOGkeg%3D%3D&trackingId=xcWaKUKj369tsqYoaFqZBw%3D%3D&trk=public_jobs_jserp-result_search-card
3763355259,SHEIN,"Senior E-commerce Data Analyst, Global Operations Center, SIN",2024-01-05,https://sg.linkedin.com/jobs/view/senior-e-commerce-data-analyst-global-operations-center-sin-at-shein-3763355259?position=7&pageNum=15&refId=FWryZ5ipHjy6txPKyd8CQg%3D%3D&trackingId=2%2Bo%2B%2B2Raq%2FPzjYmoNhN5tw%3D%3D&trk=public_jobs_jserp-result_search-card
3797863762,Vega Solutions,Quantitative Research Intern,2024-01-03,https://sg.linkedin.com/jobs/view/quantitative-research-intern-at-vega-solutions-3797863762?position=10&pageNum=65&refId=hcxafFKRDpT9NYO8C%2FOGIg%3D%3D&trackingId=ayDxyLRHoz%2BTPqtLpH5%2FWg%3D%3D&trk=public_jobs_jserp-result_search-card
3791817792,Jobscentral,Research Fellow (Social Media Data Analysis and Modeling),2023-12-28,https://sg.linkedin.com/jobs/view/research-fellow-social-media-data-analysis-and-modeling-at-jobscentral-3791817792?position=10&pageNum=72&refId=C2V1YJMBTPgSWixpgfyiaQ%3D%3D&trackingId=2knEuYh6PJ8Ev1KgDdUciQ%3D%3D&trk=public_jobs_jserp-result_search-card
3791805550,Jobscentral,Data Engineer (Computer science/ Information technology),2023-12-22,https://sg.linkedin.com/jobs/view/data-engineer-computer-science-information-technology-at-jobscentral-3791805550?position=2&pageNum=57&refId=ACA9gf199NwaYvjEz6IvLw%3D%3D&trackingId=Uws0tkTHr7JiKpo77W81Gw%3D%3D&trk=public_jobs_jserp-result_search-card
3803110161,Bolloré Logistics,Data Intern,2023-12-17,https://sg.linkedin.com/jobs/view/data-intern-at-bollor%C3%A9-logistics-3803110161?position=8&pageNum=7&refId=JOqx%2FUmdZMR51ZZX3N4Thw%3D%3D&trackingId=ofr6jG8KSby%2BxZWjuNTFuQ%3D%3D&trk=public_jobs_jserp-result_search-card
3783631113,Unison Consulting,Business Analyst - Azure Data Factory,2023-12-11,https://sg.linkedin.com/jobs/view/business-analyst-azure-data-factory-at-unison-consulting-3783631113?position=1&pageNum=10&refId=WTQZWb4u4RHJG2SfQFPpOg%3D%3D&trackingId=AuFuLu1K52u07KedP5AMTA%3D%3D&trk=public_jobs_jserp-result_search-card
3778497549,RGF Professional Recruitment,Business Support Analyst (Data Analyst/Engineer),2023-12-04,https://sg.linkedin.com/jobs/view/business-support-analyst-data-analyst-engineer-at-rgf-professional-recruitment-3778497549?position=7&pageNum=40&refId=%2BSRKrjhAyINieUz%2FwJ3N1Q%3D%3D&trackingId=5c0%2BMxcHuaG5LA3XQ1k80w%3D%3D&trk=public_jobs_jserp-result_search-card
3771271599,Unison Consulting,Application System Integrator,2023-11-21,https://sg.linkedin.com/jobs/view/application-system-integrator-at-unison-consulting-3771271599?position=4&pageNum=50&refId=qrbdV5cCibzHdncVRbEQCQ%3D%3D&trackingId=K5rCQTWqFDCDv07kgSNLnQ%3D%3D&trk=public_jobs_jserp-result_search-card
3767188490,OnLoop,Data Engineering Intern,2023-11-17,https://sg.linkedin.com/jobs/view/data-engineering-intern-at-onloop-3767188490?position=10&pageNum=35&refId=UPKRBnJJ%2BQMG%2FdmyPVYxwA%3D%3D&trackingId=mih8QaEajKbsOMxMu9y57g%3D%3D&trk=public_jobs_jserp-result_search-card
3767801349,Unison Consulting,Oracle Tuxedo-EAI Developement,2023-11-17,https://sg.linkedin.com/jobs/view/oracle-tuxedo-eai-developement-at-unison-consulting-3767801349?position=9&pageNum=75&refId=REIQobRDc0%2B56eOznTGTpA%3D%3D&trackingId=ESg4nj7szVxPwUPzppyjZA%3D%3D&trk=public_jobs_jserp-result_search-card
3745348248,Canonical,Python Engineer,2023-10-24,https://sg.linkedin.com/jobs/view/python-engineer-at-canonical-3745348248?position=2&pageNum=75&refId=REIQobRDc0%2B56eOznTGTpA%3D%3D&trackingId=lvgqC%2FScW0T4W%2BOL4YMNUg%3D%3D&trk=public_jobs_jserp-result_search-card
3694825145,Luxoft,"SAS Developer (BMC control-M is Must-have, Base: SG, 14603392)",2023-10-11,https://sg.linkedin.com/jobs/view/sas-developer-bmc-control-m-is-must-have-base-sg-14603392-at-luxoft-3694825145?position=1&pageNum=92&refId=oLzgwYzuca8KCEcL1bpsPA%3D%3D&trackingId=tvbHhJFtfGB4PbZIE5fDGA%3D%3D&trk=public_jobs_jserp-result_search-card
3721051391,Unison Consulting,Power BI Developer,2023-09-15,https://sg.linkedin.com/jobs/view/power-bi-developer-at-unison-consulting-3721051391?position=8&pageNum=52&refId=Gu0csqYhsUBvpNb%2FDmiJeQ%3D%3D&trackingId=SL%2Bq0ESWAzk3QS5E%2BJYsrw%3D%3D&trk=public_jobs_jserp-result_search-card
3704834265,Land Transport Authority (LTA) Singapore,[LTA-ITCD] SENIOR / EXECUTIVE DATA ANALYST,2023-09-08,https://sg.linkedin.com/jobs/view/lta-itcd-senior-executive-data-analyst-at-land-transport-authority-lta-singapore-3704834265?position=6&pageNum=25&refId=%2BKIZhbRkuYydMuXy1wGsCw%3D%3D&trackingId=cQUL48cGeRdqGzc%2B5nAGUQ%3D%3D&trk=public_jobs_jserp-result_search-card
3701472054,LRDTech,AI / ML / Data Engineering,2023-08-23,https://sg.linkedin.com/jobs/view/ai-ml-data-engineering-at-lrdtech-3701472054?position=6&pageNum=37&refId=cS8lW7ly7lDBKzvxTf1vyg%3D%3D&trackingId=oV%2BeWSxlHJKD%2BSYPtuCJ7Q%3D%3D&trk=public_jobs_jserp-result_search-card
3688148249,Fingerprint for Success (F4S),Expression of Interest: Artificial Intelligence Developer,2023-08-15,https://sg.linkedin.com/jobs/view/expression-of-interest-artificial-intelligence-developer-at-fingerprint-for-success-f4s-3688148249?position=1&pageNum=75&refId=REIQobRDc0%2B56eOznTGTpA%3D%3D&trackingId=kQQ2u3oS5xeBSt8A91UmYQ%3D%3D&trk=public_jobs_jserp-result_search-card
3674195791,SHIELD,Machine Learning Engineer (Risk),2023-07-24,https://sg.linkedin.com/jobs/view/machine-learning-engineer-risk-at-shield-3674195791?position=9&pageNum=82&refId=N5rUOS8krNFRl9DBXOZvxA%3D%3D&trackingId=Dc2NxH36%2FYHm7zo3%2Fm7Gwg%3D%3D&trk=public_jobs_jserp-result_search-card
3614481954,Unison Consulting,Tech Lead/API Developer - API development & Automated unit testing,2023-05-22,https://sg.linkedin.com/jobs/view/tech-lead-api-developer-api-development-automated-unit-testing-at-unison-consulting-3614481954?position=3&pageNum=85&refId=7dUW5nbGKO1AozN%2FaOdP1w%3D%3D&trackingId=bz%2FrZ5sLxcOvfksAdd3amw%3D%3D&trk=public_jobs_jserp-result_search-card
3783371069,Singapore Department of Statistics (DOS),Statistician,,https://sg.linkedin.com/jobs/view/statistician-at-singapore-department-of-statistics-dos-3783371069?position=4&pageNum=5&refId=XS%2BQXMhzFfiPIXol3TPX6Q%3D%3D&trackingId=GwWWqGu391svH5eYdwIG%2Bg%3D%3D&trk=public_jobs_jserp-result_search-card
3879882321,Adecco,Data Analyst [O&G MNC/WEST/ UP to $3K+],,https://sg.linkedin.com/jobs/view/data-analyst-o-g-mnc-west-up-to-%243k%2B-at-adecco-3879882321?position=4&pageNum=10&refId=WTQZWb4u4RHJG2SfQFPpOg%3D%3D&trackingId=S5jQ54%2FcTcjq%2FMHgi4vfOg%3D%3D&trk=public_jobs_jserp-result_search-card
3877055508,Activate Interactive,Data Engineer,,https://sg.linkedin.com/jobs/view/data-engineer-at-activate-interactive-3877055508?position=5&pageNum=25&refId=%2BKIZhbRkuYydMuXy1wGsCw%3D%3D&trackingId=ES84V8n9TYBgq%2F9KV7XrFg%3D%3D&trk=public_jobs_jserp-result_search-card
3879826564,Collabera Digital,Data Engineer,,https://sg.linkedin.com/jobs/view/data-engineer-at-collabera-digital-3879826564?position=4&pageNum=30&refId=2KPjfXBQcz%2FPL%2Fk4yvKxlQ%3D%3D&trackingId=jAaelih93%2F0YXcQ33NMQzw%3D%3D&trk=public_jobs_jserp-result_search-card
3877238240,Hunter Bond,"Graduate Quant Developer / Researcher - Up to $120,000 SGD + Bonus + Package",,https://sg.linkedin.com/jobs/view/graduate-quant-developer-researcher-up-to-%24120-000-sgd-%2B-bonus-%2B-package-at-hunter-bond-3877238240?position=9&pageNum=32&refId=1y492hnN8pnsUr1bCRiPWA%3D%3D&trackingId=IHe5toHrcXs2fIUuVmeS8g%3D%3D&trk=public_jobs_jserp-result_search-card
3876431067,RiDiK (a Subsidiary of CLPS. Nasdaq: CLPS),Data Engineer,,https://sg.linkedin.com/jobs/view/data-engineer-at-ridik-a-subsidiary-of-clps-nasdaq-clps-3876431067?position=1&pageNum=35&refId=UPKRBnJJ%2BQMG%2FdmyPVYxwA%3D%3D&trackingId=8CVntQRhodVALtpDpZbP2g%3D%3D&trk=public_jobs_jserp-result_search-card
3876091366,GECO Asia Pte Ltd,IT Professionals (Application Engineer/Backend Developer/Data Engineer/Business Analyst),,https://sg.linkedin.com/jobs/view/it-professionals-application-engineer-backend-developer-data-engineer-business-analyst-at-geco-asia-pte-ltd-3876091366?position=9&pageNum=37&refId=cS8lW7ly7lDBKzvxTf1vyg%3D%3D&trackingId=4oOjFVfi2P7n%2FH3jIIV6Kw%3D%3D&trk=public_jobs_jserp-result_search-card
3876081741,ST Engineering,Senior/ Data Engineer -DSC/EZ,,https://sg.linkedin.com/jobs/view/senior-data-engineer-dsc-ez-at-st-engineering-3876081741?position=9&pageNum=42&refId=DMyDG6kdlnbFOeNAyYMKIg%3D%3D&trackingId=F1IIcUmolknLrrdTwwQCVg%3D%3D&trk=public_jobs_jserp-result_search-card
3876023145,Jabil,Test Engineer,,https://sg.linkedin.com/jobs/view/test-engineer-at-jabil-3876023145?position=3&pageNum=50&refId=qrbdV5cCibzHdncVRbEQCQ%3D%3D&trackingId=PrYWFxpwMDGGpYICFUfZfA%3D%3D&trk=public_jobs_jserp-result_search-card
3871154174,Crossover,"Graduate Engineer, IgniteTech (Remote) - $60,000/year USD",,https://sg.linkedin.com/jobs/view/graduate-engineer-ignitetech-remote-%2460-000-year-usd-at-crossover-3871154174?position=5&pageNum=55&refId=yBbGDZlh2svQ80DSiE2X3A%3D%3D&trackingId=ml1pBlpDldkBYGai9swgGQ%3D%3D&trk=public_jobs_jserp-result_search-card
3879469189,MediaTek,AI Algorithm Engineer,,https://sg.linkedin.com/jobs/view/ai-algorithm-engineer-at-mediatek-3879469189?position=10&pageNum=70&refId=wHda8vgH79ZLowsfaOGkeg%3D%3D&trackingId=Xoz9GrgKQWcUdGYtF2%2F%2BpA%3D%3D&trk=public_jobs_jserp-result_search-card
3877094615,Wipro,Test Engineer,,https://sg.linkedin.com/jobs/view/test-engineer-at-wipro-3877094615?position=7&pageNum=75&refId=REIQobRDc0%2B56eOznTGTpA%3D%3D&trackingId=r4rwJ7wQGrkXz7lwdatK%2Fg%3D%3D&trk=public_jobs_jserp-result_search-card
3876079662,ST Engineering,System Reliability Engineer -DSC/EZ,,https://sg.linkedin.com/jobs/view/system-reliability-engineer-dsc-ez-at-st-engineering-3876079662?position=3&pageNum=77&refId=6nib6JccMwRCs6OKc8qAHA%3D%3D&trackingId=pcO%2Fa8Y07AKfRwPveHY0%2Bw%3D%3D&trk=public_jobs_jserp-result_search-card
3844995878,Camtek,Field Services Engineer,,https://sg.linkedin.com/jobs/view/field-services-engineer-at-camtek-3844995878?position=4&pageNum=85&refId=7dUW5nbGKO1AozN%2FaOdP1w%3D%3D&trackingId=46iYso1JFuff2mW6uowbBg%3D%3D&trk=public_jobs_jserp-result_search-card
3517628582,EZSVS,Data Center Facility Engineer,,https://sg.linkedin.com/jobs/view/data-center-facility-engineer-at-ezsvs-3517628582?position=5&pageNum=90&refId=Z2FR9yxvAfkKt1%2BnYHrhEQ%3D%3D&trackingId=6fYVHCOr1hHM1wKL3utlJg%3D%3D&trk=public_jobs_jserp-result_search-card
3876716219,DBS Bank,"AVP, Business Analyst, Data Platform, Data Technology, Technology & Operations",,https://sg.linkedin.com/jobs/view/avp-business-analyst-data-platform-data-technology-technology-operations-at-dbs-bank-3876716219?position=5&pageNum=97&refId=eDzWcyCPF%2F5GROvSnYgbKg%3D%3D&trackingId=Og1gC0C9Bndr927KIgPTUg%3D%3D&trk=public_jobs_jserp-result_search-card
3879182569,Axis Engineering Pte Ltd,Service Engineer,,https://sg.linkedin.com/jobs/view/service-engineer-at-axis-engineering-pte-ltd-3879182569?position=8&pageNum=97&refId=eDzWcyCPF%2F5GROvSnYgbKg%3D%3D&trackingId=wY%2Bi4etWE%2BcRwsbpLoSIEw%3D%3D&trk=public_jobs_jserp-result_search-card
